Workbook

Sheet Game Log Season 1
A1: Base Game Info | F1: Player Score | P1: Turn of Victory/Loss | R1: Pop-Off | S1: Deck Resilience | V1: Games Clearly Behind | W1: Game Calculated Deck Strength
A2: Game Date | B2: Game # | C2: Player Name | D2: Commander | E2: Commander Strength | F2: Game Result | G2: Place | H2: Pod Size | I2: Knockouts | J2: Adjusted Pod Size Win/Loss Score | K2: Knockout Score | L2: Deck Strength Comparison Differential | M2: Win Probability based on Deck Strength | N2: Player Score | O2: Normalized Player Score | P2: TOV | Q2: Normalized TOV | R2: Pop-Off | S2: Disruptions | T2: Successful Recoveries | U2: Deck Resilience Score | V2: Games Clearly Behind | W2: Game Calculated Deck Strength
A3: 46023 | B3: 1 | C3: Becca | D3: Aminatou, Veil Piercer | E3: 4 | F3: 0 | G3: 2 | H3: 4 | I3: 0 | J3: =F3-(1/H3) | K3: =((I3-((H3-1)/H3))-(-5/6))/((5-(5/6))-(-5/6)) | L3: =E3-((E4+E5+E6)/3) | M3: =0.5 + (L3 * 0.09) | N3: =((H3-(G3-1))/H3)*(IF(I3<>0,(I3+H3)/H3,1)) | O3: =(N3-(1/6))/(10/6) | P3: 8 | Q3: =IF(F3=1,(((1-((P3-3)/12))*0.5)+0.5),((P3/15)*0.5)) | R3: 0 | S3: 0 | T3: 0 | U3: =IFERROR(T3/S3, 1) | V3: 0 | W3: =5*((O3*0.3)+(Q3*0.175)+(R3*0.175)+(U3*0.175)+((1-V3)*0.175))
A4: 46023 | B4: 1 | C4: Manny | D4: Rashmi, Eternities Crafter | E4: 3 | F4: 0 | G4: 3 | H4: 4 | I4: 0 | J4: =F4-(1/H4) | K4: =((I4-((H4-1)/H4))-(-5/6))/((5-(5/6))-(-5/6)) | L4: =E4-((E3+E5+E6)/3) | M4: =0.5 + (L4 * 0.09) | N4: =((H4-(G4-1))/H4)*(IF(I4<>0,(I4+H4)/H4,1)) | O4: =(N4-(1/6))/(10/6) | P4: 7 | Q4: =IF(F4=1,(((1-((P4-3)/12))*0.5)+0.5),((P4/15)*0.5)) | R4: 0 | S4: 0 | T4: 0 | U4: =IFERROR(T4/S4, 1) | V4: 0 | W4: =5*((O4*0.3)+(Q4*0.175)+(R4*0.175)+(U4*0.175)+((1-V4)*0.175))
A5: 46023 | B5: 1 | C5: Mateo | D5: Zurgo Stormrender | E5: 2 | F5: 1 | G5: 1 | H5: 4 | I5: 3 | J5: =F5-(1/H5) | K5: =((I5-((H5-1)/H5))-(-5/6))/((5-(5/6))-(-5/6)) | L5: =E5-((E3+E4+E6)/3) | M5: =0.5 + (L5 * 0.09) | N5: =((H5-(G5-1))/H5)*(IF(I5<>0,(I5+H5)/H5,1)) | O5: =(N5-(1/6))/(10/6) | P5: 8 | Q5: =IF(F5=1,(((1-((P5-3)/12))*0.5)+0.5),((P5/15)*0.5)) | R5: 1 | S5: 1 | T5: 1 | U5: =IFERROR(T5/S5, 1) | V5: 0 | W5: =5*((O5*0.3)+(Q5*0.175)+(R5*0.175)+(U5*0.175)+((1-V5)*0.175))
A6: 46023 | B6: 1 | C6: Ryan | D6: Cloud, Ex-SOLDIER | E6: 2 | F6: 0 | G6: 4 | H6: 4 | I6: 0 | J6: =F6-(1/H6) | K6: =((I6-((H6-1)/H6))-(-5/6))/((5-(5/6))-(-5/6)) | L6: =E6-((E3+E4+E5)/3) | M6: =0.5 + (L6 * 0.09) | N6: =((H6-(G6-1))/H6)*(IF(I6<>0,(I6+H6)/H6,1)) | O6: =(N6-(1/6))/(10/6) | P6: 7 | Q6: =IF(F6=1,(((1-((P6-3)/12))*0.5)+0.5),((P6/15)*0.5)) | R6: 1 | S6: 0 | T6: 0 | U6: =IFERROR(T6/S6, 1) | V6: 0 | W6: =5*((O6*0.3)+(Q6*0.175)+(R6*0.175)+(U6*0.175)+((1-V6)*0.175))
A7: 46023 | B7: 2 | C7: Becca | D7: Aminatou, Veil Piercer | E7: 4 | F7: 0 | G7: 2 | H7: 4 | I7: 0 | J7: =F7-(1/H7) | K7: =((I7-((H7-1)/H7))-(-5/6))/((5-(5/6))-(-5/6)) | L7: =E7-((E8+E9+E10)/3) | M7: =0.5 + (L7 * 0.09) | N7: =((H7-(G7-1))/H7)*(IF(I7<>0,(I7+H7)/H7,1)) | O7: =(N7-(1/6))/(10/6) | P7: 8 | Q7: =IF(F7=1,(((1-((P7-3)/12))*0.5)+0.5),((P7/15)*0.5)) | R7: 0 | S7: 0 | T7: 0 | U7: =IFERROR(T7/S7, 1) | V7: 0 | W7: =5*((O7*0.3)+(Q7*0.175)+(R7*0.175)+(U7*0.175)+((1-V7)*0.175))
A8: 46023 | B8: 2 | C8: Manny | D8: Fire Lord Azula | E8: 3 | F8: 0 | G8: 2 | H8: 4 | I8: 0 | J8: =F8-(1/H8) | K8: =((I8-((H8-1)/H8))-(-5/6))/((5-(5/6))-(-5/6)) | L8: =E8-((E7+E9+E10)/3) | M8: =0.5 + (L8 * 0.09) | N8: =((H8-(G8-1))/H8)*(IF(I8<>0,(I8+H8)/H8,1)) | O8: =(N8-(1/6))/(10/6) | P8: 8 | Q8: =IF(F8=1,(((1-((P8-3)/12))*0.5)+0.5),((P8/15)*0.5)) | R8: 1 | S8: 0 | T8: 0 | U8: =IFERROR(T8/S8, 1) | V8: 0 | W8: =5*((O8*0.3)+(Q8*0.175)+(R8*0.175)+(U8*0.175)+((1-V8)*0.175))
A9: 46023 | B9: 2 | C9: Mateo | D9: Hazel of the Rootbloom | E9: 2 | F9: 0 | G9: 2 | H9: 4 | I9: 0 | J9: =F9-(1/H9) | K9: =((I9-((H9-1)/H9))-(-5/6))/((5-(5/6))-(-5/6)) | L9: =E9-((E7+E8+E10)/3) | M9: =0.5 + (L9 * 0.09) | N9: =((H9-(G9-1))/H9)*(IF(I9<>0,(I9+H9)/H9,1)) | O9: =(N9-(1/6))/(10/6) | P9: 8 | Q9: =IF(F9=1,(((1-((P9-3)/12))*0.5)+0.5),((P9/15)*0.5)) | R9: 0 | S9: 0 | T9: 0 | U9: =IFERROR(T9/S9, 1) | V9: 0 | W9: =5*((O9*0.3)+(Q9*0.175)+(R9*0.175)+(U9*0.175)+((1-V9)*0.175))
A10: 46023 | B10: 2 | C10: Ryan | D10: Eowyn, Shieldmaiden | E10: 2 | F10: 1 | G10: 1 | H10: 4 | I10: 3 | J10: =F10-(1/H10) | K10: =((I10-((H10-1)/H10))-(-5/6))/((5-(5/6))-(-5/6)) | L10: =E10-((E7+E8+E9)/3) | M10: =0.5 + (L10 * 0.09) | N10: =((H10-(G10-1))/H10)*(IF(I10<>0,(I10+H10)/H10,1)) | O10: =(N10-(1/6))/(10/6) | P10: 8 | Q10: =IF(F10=1,(((1-((P10-3)/12))*0.5)+0.5),((P10/15)*0.5)) | R10: 1 | S10: 0 | T10: 0 | U10: =IFERROR(T10/S10, 1) | V10: 0 | W10: =5*((O10*0.3)+(Q10*0.175)+(R10*0.175)+(U10*0.175)+((1-V10)*0.175))
A11: 46029 | B11: 3 | C11: Manny | D11: Aragorn, the Uniter | E11: 3 | F11: 1 | G11: 1 | H11: 4 | I11: 3 | J11: =F11-(1/H11) | K11: =((I11-((H11-1)/H11))-(-5/6))/((5-(5/6))-(-5/6)) | L11: =E11-((E12+E13+E14)/3) | M11: =0.5 + (L11 * 0.09) | N11: =((H11-(G11-1))/H11)*(IF(I11<>0,(I11+H11)/H11,1)) | O11: =(N11-(1/6))/(10/6) | P11: 12 | Q11: =IF(F11=1,(((1-((P11-3)/12))*0.5)+0.5),((P11/15)*0.5)) | R11: 1 | S11: 1 | T11: 1 | U11: =IFERROR(T11/S11, 1) | V11: 0 | W11: =5*((O11*0.3)+(Q11*0.175)+(R11*0.175)+(U11*0.175)+((1-V11)*0.175))
A12: 46029 | B12: 3 | C12: Joseph | D12: Mr. House, President and CEO | E12: 2 | F12: 0 | G12: 2 | H12: 4 | I12: 0 | J12: =F12-(1/H12) | K12: =((I12-((H12-1)/H12))-(-5/6))/((5-(5/6))-(-5/6)) | L12: =E12-((E11+E13+E14)/3) | M12: =0.5 + (L12 * 0.09) | N12: =((H12-(G12-1))/H12)*(IF(I12<>0,(I12+H12)/H12,1)) | O12: =(N12-(1/6))/(10/6) | P12: 12 | Q12: =IF(F12=1,(((1-((P12-3)/12))*0.5)+0.5),((P12/15)*0.5)) | R12: 0 | S12: 2 | T12: 0 | U12: =IFERROR(T12/S12, 1) | V12: 1 | W12: =5*((O12*0.3)+(Q12*0.175)+(R12*0.175)+(U12*0.175)+((1-V12)*0.175))
A13: 46029 | B13: 3 | C13: Mateo | D13: Chatterfang, Squirrel General | E13: 2 | F13: 0 | G13: 4 | H13: 4 | I13: 0 | J13: =F13-(1/H13) | K13: =((I13-((H13-1)/H13))-(-5/6))/((5-(5/6))-(-5/6)) | L13: =E13-((E11+E12+E14)/3) | M13: =0.5 + (L13 * 0.09) | N13: =((H13-(G13-1))/H13)*(IF(I13<>0,(I13+H13)/H13,1)) | O13: =(N13-(1/6))/(10/6) | P13: 7 | Q13: =IF(F13=1,(((1-((P13-3)/12))*0.5)+0.5),((P13/15)*0.5)) | R13: 1 | S13: 1 | T13: 0 | U13: =IFERROR(T13/S13, 1) | V13: 0 | W13: =5*((O13*0.3)+(Q13*0.175)+(R13*0.175)+(U13*0.175)+((1-V13)*0.175))
A14: 46029 | B14: 3 | C14: Ryan | D14: Fire Lord Zuko | E14: 3 | F14: 0 | G14: 3 | H14: 4 | I14: 0 | J14: =F14-(1/H14) | K14: =((I14-((H14-1)/H14))-(-5/6))/((5-(5/6))-(-5/6)) | L14: =E14-((E11+E12+E13)/3) | M14: =0.5 + (L14 * 0.09) | N14: =((H14-(G14-1))/H14)*(IF(I14<>0,(I14+H14)/H14,1)) | O14: =(N14-(1/6))/(10/6) | P14: 8 | Q14: =IF(F14=1,(((1-((P14-3)/12))*0.5)+0.5),((P14/15)*0.5)) | R14: 0 | S14: 0 | T14: 0 | U14: =IFERROR(T14/S14, 1) | V14: 0 | W14: =5*((O14*0.3)+(Q14*0.175)+(R14*0.175)+(U14*0.175)+((1-V14)*0.175))
A15: 46032 | B15: 4 | C15: Ryan | D15: Atraxa, Praetor's Voice | E15: 4 | F15: 1 | G15: 1 | H15: 2 | I15: 1 | J15: =F15-(1/H15) | K15: =((I15-((H15-1)/H15))-(-5/6))/((5-(5/6))-(-5/6)) | L15: =E15-E16 | M15: =0.5 + (L15 * 0.09) | N15: =((H15-(G15-1))/H15)*(IF(I15<>0,(I15+H15)/H15,1)) | O15: =(N15-(1/6))/(10/6) | P15: 10 | Q15: =IF(F15=1,(((1-((P15-3)/12))*0.5)+0.5),((P15/15)*0.5)) | R15: 1 | S15: 1 | T15: 1 | U15: =IFERROR(T15/S15, 1) | V15: 0 | W15: =5*((O15*0.3)+(Q15*0.175)+(R15*0.175)+(U15*0.175)+((1-V15)*0.175))
A16: 46032 | B16: 4 | C16: Manny | D16: Rashmi, Eternities Crafter | E16: 3 | F16: 0 | G16: 2 | H16: 2 | I16: 0 | J16: =F16-(1/H16) | K16: =((I16-((H16-1)/H16))-(-5/6))/((5-(5/6))-(-5/6)) | L16: =E16-E15 | M16: =0.5 + (L16 * 0.09) | N16: =((H16-(G16-1))/H16)*(IF(I16<>0,(I16+H16)/H16,1)) | O16: =(N16-(1/6))/(10/6) | P16: 10 | Q16: =IF(F16=1,(((1-((P16-3)/12))*0.5)+0.5),((P16/15)*0.5)) | R16: 1 | S16: 0 | T16: 0 | U16: =IFERROR(T16/S16, 1) | V16: 0 | W16: =5*((O16*0.3)+(Q16*0.175)+(R16*0.175)+(U16*0.175)+((1-V16)*0.175))
A17: 46032 | B17: 5 | C17: Ryan | D17: Davros, Dalek Creator | E17: 2 | F17: 0 | G17: 3 | H17: 4 | I17: 0 | J17: =F17-(1/H17) | K17: =((I17-((H17-1)/H17))-(-5/6))/((5-(5/6))-(-5/6)) | L17: =E17-((E18+E19+E20)/3) | M17: =0.5 + (L17 * 0.09) | N17: =((H17-(G17-1))/H17)*(IF(I17<>0,(I17+H17)/H17,1)) | O17: =(N17-(1/6))/(10/6) | P17: 12 | Q17: =IF(F17=1,(((1-((P17-3)/12))*0.5)+0.5),((P17/15)*0.5)) | R17: 1 | S17: 1 | T17: 1 | U17: =IFERROR(T17/S17, 1) | V17: 0 | W17: =5*((O17*0.3)+(Q17*0.175)+(R17*0.175)+(U17*0.175)+((1-V17)*0.175))
A18: 46032 | B18: 5 | C18: Manny | D18: Frodo, Adventurous Hobbit/Sam, Loyal Attendant | E18: 4 | F18: 0 | G18: 2 | H18: 4 | I18: 2 | J18: =F18-(1/H18) | K18: =((I18-((H18-1)/H18))-(-5/6))/((5-(5/6))-(-5/6)) | L18: =E18-((E17+E19+E20)/3) | M18: =0.5 + (L18 * 0.09) | N18: =((H18-(G18-1))/H18)*(IF(I18<>0,(I18+H18)/H18,1)) | O18: =(N18-(1/6))/(10/6) | P18: 12 | Q18: =IF(F18=1,(((1-((P18-3)/12))*0.5)+0.5),((P18/15)*0.5)) | R18: 1 | S18: 1 | T18: 1 | U18: =IFERROR(T18/S18, 1) | V18: 0 | W18: =5*((O18*0.3)+(Q18*0.175)+(R18*0.175)+(U18*0.175)+((1-V18)*0.175))
A19: 46032 | B19: 5 | C19: Becca | D19: Ms. Bumbleflower | E19: 2 | F19: 1 | G19: 1 | H19: 4 | I19: 1 | J19: =F19-(1/H19) | K19: =((I19-((H19-1)/H19))-(-5/6))/((5-(5/6))-(-5/6)) | L19: =E19-((E17+E18+E20)/3) | M19: =0.5 + (L19 * 0.09) | N19: =((H19-(G19-1))/H19)*(IF(I19<>0,(I19+H19)/H19,1)) | O19: =(N19-(1/6))/(10/6) | P19: 12 | Q19: =IF(F19=1,(((1-((P19-3)/12))*0.5)+0.5),((P19/15)*0.5)) | R19: 1 | S19: 2 | T19: 2 | U19: =IFERROR(T19/S19, 1) | V19: 0 | W19: =5*((O19*0.3)+(Q19*0.175)+(R19*0.175)+(U19*0.175)+((1-V19)*0.175))
A20: 46032 | B20: 5 | C20: Mateo | D20: Teval, the Balanced Scale | E20: 2 | F20: 0 | G20: 4 | H20: 4 | I20: 0 | J20: =F20-(1/H20) | K20: =((I20-((H20-1)/H20))-(-5/6))/((5-(5/6))-(-5/6)) | L20: =E20-((E17+E18+E19)/3) | M20: =0.5 + (L20 * 0.09) | N20: =((H20-(G20-1))/H20)*(IF(I20<>0,(I20+H20)/H20,1)) | O20: =(N20-(1/6))/(10/6) | P20: 11 | Q20: =IF(F20=1,(((1-((P20-3)/12))*0.5)+0.5),((P20/15)*0.5)) | R20: 1 | S20: 1 | T20: 1 | U20: =IFERROR(T20/S20, 1) | V20: 0 | W20: =5*((O20*0.3)+(Q20*0.175)+(R20*0.175)+(U20*0.175)+((1-V20)*0.175))
A21: 46032 | B21: 6 | C21: Becca | D21: Aminatou, Veil Piercer | E21: 4 | F21: 0 | G21: 4 | H21: 4 | I21: 0 | J21: =F21-(1/H21) | K21: =((I21-((H21-1)/H21))-(-5/6))/((5-(5/6))-(-5/6)) | L21: =E21-((E22+E23+E24)/3) | M21: =0.5 + (L21 * 0.09) | N21: =((H21-(G21-1))/H21)*(IF(I21<>0,(I21+H21)/H21,1)) | O21: =(N21-(1/6))/(10/6) | P21: 8 | Q21: =IF(F21=1,(((1-((P21-3)/12))*0.5)+0.5),((P21/15)*0.5)) | R21: 0 | S21: 0 | T21: 0 | U21: =IFERROR(T21/S21, 1) | V21: 0 | W21: =5*((O21*0.3)+(Q21*0.175)+(R21*0.175)+(U21*0.175)+((1-V21)*0.175))
A22: 46032 | B22: 6 | C22: Ryan | D22: Cloud, Ex-SOLDIER | E22: 2 | F22: 0 | G22: 3 | H22: 4 | I22: 1 | J22: =F22-(1/H22) | K22: =((I22-((H22-1)/H22))-(-5/6))/((5-(5/6))-(-5/6)) | L22: =E22-((E21+E23+E24)/3) | M22: =0.5 + (L22 * 0.09) | N22: =((H22-(G22-1))/H22)*(IF(I22<>0,(I22+H22)/H22,1)) | O22: =(N22-(1/6))/(10/6) | P22: 9 | Q22: =IF(F22=1,(((1-((P22-3)/12))*0.5)+0.5),((P22/15)*0.5)) | R22: 1 | S22: 1 | T22: 0 | U22: =IFERROR(T22/S22, 1) | V22: 0 | W22: =5*((O22*0.3)+(Q22*0.175)+(R22*0.175)+(U22*0.175)+((1-V22)*0.175))
A23: 46032 | B23: 6 | C23: Manny | D23: Avatar Aang | E23: 3 | F23: 0 | G23: 2 | H23: 4 | I23: 0 | J23: =F23-(1/H23) | K23: =((I23-((H23-1)/H23))-(-5/6))/((5-(5/6))-(-5/6)) | L23: =E23-((E21+E22+E24)/3) | M23: =0.5 + (L23 * 0.09) | N23: =((H23-(G23-1))/H23)*(IF(I23<>0,(I23+H23)/H23,1)) | O23: =(N23-(1/6))/(10/6) | P23: 9 | Q23: =IF(F23=1,(((1-((P23-3)/12))*0.5)+0.5),((P23/15)*0.5)) | R23: 0 | S23: 1 | T23: 0 | U23: =IFERROR(T23/S23, 1) | V23: 0 | W23: =5*((O23*0.3)+(Q23*0.175)+(R23*0.175)+(U23*0.175)+((1-V23)*0.175))
A24: 46032 | B24: 6 | C24: Mateo | D24: Ureni of the Unwritten | E24: 3 | F24: 1 | G24: 1 | H24: 4 | I24: 2 | J24: =F24-(1/H24) | K24: =((I24-((H24-1)/H24))-(-5/6))/((5-(5/6))-(-5/6)) | L24: =E24-((E21+E22+E23)/3) | M24: =0.5 + (L24 * 0.09) | N24: =((H24-(G24-1))/H24)*(IF(I24<>0,(I24+H24)/H24,1)) | O24: =(N24-(1/6))/(10/6) | P24: 9 | Q24: =IF(F24=1,(((1-((P24-3)/12))*0.5)+0.5),((P24/15)*0.5)) | R24: 1 | S24: 0 | T24: 0 | U24: =IFERROR(T24/S24, 1) | V24: 0 | W24: =5*((O24*0.3)+(Q24*0.175)+(R24*0.175)+(U24*0.175)+((1-V24)*0.175))
A25: 46036 | B25: 7 | C25: Joseph | D25: Valgavoth, Harrower of Souls | E25: 3 | F25: 0 | G25: 2 | H25: 4 | I25: 1 | J25: =F25-(1/H25) | K25: =((I25-((H25-1)/H25))-(-5/6))/((5-(5/6))-(-5/6)) | L25: =E25-((E26+E27+E28)/3) | M25: =0.5 + (L25 * 0.09) | N25: =((H25-(G25-1))/H25)*(IF(I25<>0,(I25+H25)/H25,1)) | O25: =(N25-(1/6))/(10/6) | P25: 10 | Q25: =IF(F25=1,(((1-((P25-3)/12))*0.5)+0.5),((P25/15)*0.5)) | R25: 0 | S25: 1 | T25: 0 | U25: =IFERROR(T25/S25, 1) | V25: 0 | W25: =5*((O25*0.3)+(Q25*0.175)+(R25*0.175)+(U25*0.175)+((1-V25)*0.175))
A26: 46036 | B26: 7 | C26: Manny | D26: Avatar Aang | E26: 3 | F26: 0 | G26: 2 | H26: 4 | I26: 0 | J26: =F26-(1/H26) | K26: =((I26-((H26-1)/H26))-(-5/6))/((5-(5/6))-(-5/6)) | L26: =E26-((E25+E27+E28)/3) | M26: =0.5 + (L26 * 0.09) | N26: =((H26-(G26-1))/H26)*(IF(I26<>0,(I26+H26)/H26,1)) | O26: =(N26-(1/6))/(10/6) | P26: 10 | Q26: =IF(F26=1,(((1-((P26-3)/12))*0.5)+0.5),((P26/15)*0.5)) | R26: 0 | S26: 1 | T26: 0 | U26: =IFERROR(T26/S26, 1) | V26: 0 | W26: =5*((O26*0.3)+(Q26*0.175)+(R26*0.175)+(U26*0.175)+((1-V26)*0.175))
A27: 46036 | B27: 7 | C27: Ryan | D27: Eowyn, Shieldmaiden | E27: 2 | F27: 1 | G27: 1 | H27: 4 | I27: 2 | J27: =F27-(1/H27) | K27: =((I27-((H27-1)/H27))-(-5/6))/((5-(5/6))-(-5/6)) | L27: =E27-((E25+E26+E28)/3) | M27: =0.5 + (L27 * 0.09) | N27: =((H27-(G27-1))/H27)*(IF(I27<>0,(I27+H27)/H27,1)) | O27: =(N27-(1/6))/(10/6) | P27: 10 | Q27: =IF(F27=1,(((1-((P27-3)/12))*0.5)+0.5),((P27/15)*0.5)) | R27: 1 | S27: 2 | T27: 1 | U27: =IFERROR(T27/S27, 1) | V27: 0 | W27: =5*((O27*0.3)+(Q27*0.175)+(R27*0.175)+(U27*0.175)+((1-V27)*0.175))
A28: 46036 | B28: 7 | C28: Mateo | D28: Teval, the Balanced Scale | E28: 2 | F28: 0 | G28: 4 | H28: 4 | I28: 0 | J28: =F28-(1/H28) | K28: =((I28-((H28-1)/H28))-(-5/6))/((5-(5/6))-(-5/6)) | L28: =E28-((E25+E26+E27)/3) | M28: =0.5 + (L28 * 0.09) | N28: =((H28-(G28-1))/H28)*(IF(I28<>0,(I28+H28)/H28,1)) | O28: =(N28-(1/6))/(10/6) | P28: 9 | Q28: =IF(F28=1,(((1-((P28-3)/12))*0.5)+0.5),((P28/15)*0.5)) | R28: 1 | S28: 1 | T28: 1 | U28: =IFERROR(T28/S28, 1) | V28: 0 | W28: =5*((O28*0.3)+(Q28*0.175)+(R28*0.175)+(U28*0.175)+((1-V28)*0.175))
A29: 46038 | B29: 8 | C29: Mateo | D29: Toph, The First Metalbender | E29: 3 | F29: 1 | G29: 1 | H29: 4 | I29: 3 | J29: =F29-(1/H29) | K29: =((I29-((H29-1)/H29))-(-5/6))/((5-(5/6))-(-5/6)) | L29: =E29-((E30+E31+E32)/3) | M29: =0.5 + (L29 * 0.09) | N29: =((H29-(G29-1))/H29)*(IF(I29<>0,(I29+H29)/H29,1)) | O29: =(N29-(1/6))/(10/6) | P29: 9 | Q29: =IF(F29=1,(((1-((P29-3)/12))*0.5)+0.5),((P29/15)*0.5)) | R29: 1 | S29: 0 | T29: 0 | U29: =IFERROR(T29/S29, 1) | V29: 0 | W29: =5*((O29*0.3)+(Q29*0.175)+(R29*0.175)+(U29*0.175)+((1-V29)*0.175))
A30: 46038 | B30: 8 | C30: Ryan | D30: Fire Lord Zuko | E30: 3 | F30: 0 | G30: 2 | H30: 4 | I30: 0 | J30: =F30-(1/H30) | K30: =((I30-((H30-1)/H30))-(-5/6))/((5-(5/6))-(-5/6)) | L30: =E30-((E29+E31+E32)/3) | M30: =0.5 + (L30 * 0.09) | N30: =((H30-(G30-1))/H30)*(IF(I30<>0,(I30+H30)/H30,1)) | O30: =(N30-(1/6))/(10/6) | P30: 9 | Q30: =IF(F30=1,(((1-((P30-3)/12))*0.5)+0.5),((P30/15)*0.5)) | R30: 0 | S30: 0 | T30: 0 | U30: =IFERROR(T30/S30, 1) | V30: 0 | W30: =5*((O30*0.3)+(Q30*0.175)+(R30*0.175)+(U30*0.175)+((1-V30)*0.175))
A31: 46038 | B31: 8 | C31: Becca | D31: Aminatou, Veil Piercer | E31: 4 | F31: 0 | G31: 3 | H31: 4 | I31: 0 | J31: =F31-(1/H31) | K31: =((I31-((H31-1)/H31))-(-5/6))/((5-(5/6))-(-5/6)) | L31: =E31-((E29+E30+E32)/3) | M31: =0.5 + (L31 * 0.09) | N31: =((H31-(G31-1))/H31)*(IF(I31<>0,(I31+H31)/H31,1)) | O31: =(N31-(1/6))/(10/6) | P31: 9 | Q31: =IF(F31=1,(((1-((P31-3)/12))*0.5)+0.5),((P31/15)*0.5)) | R31: 0 | S31: 0 | T31: 0 | U31: =IFERROR(T31/S31, 1) | V31: 0 | W31: =5*((O31*0.3)+(Q31*0.175)+(R31*0.175)+(U31*0.175)+((1-V31)*0.175))
A32: 46038 | B32: 8 | C32: Manny | D32: Rashmi, Eternities Crafter | E32: 3 | F32: 0 | G32: 4 | H32: 4 | I32: 0 | J32: =F32-(1/H32) | K32: =((I32-((H32-1)/H32))-(-5/6))/((5-(5/6))-(-5/6)) | L32: =E32-((E29+E30+E31)/3) | M32: =0.5 + (L32 * 0.09) | N32: =((H32-(G32-1))/H32)*(IF(I32<>0,(I32+H32)/H32,1)) | O32: =(N32-(1/6))/(10/6) | P32: 9 | Q32: =IF(F32=1,(((1-((P32-3)/12))*0.5)+0.5),((P32/15)*0.5)) | R32: 0 | S32: 0 | T32: 0 | U32: =IFERROR(T32/S32, 1) | V32: 0 | W32: =5*((O32*0.3)+(Q32*0.175)+(R32*0.175)+(U32*0.175)+((1-V32)*0.175))
A33: 46038 | B33: 9 | C33: Manny | D33: Rashmi, Eternities Crafter | E33: 3 | F33: 1 | G33: 1 | H33: 3 | I33: 1 | J33: =F33-(1/H33) | K33: =((I33-((H33-1)/H33))-(-5/6))/((5-(5/6))-(-5/6)) | L33: =E33-((E34+E35)/2) | M33: =0.5 + (L33 * 0.09) | N33: =((H33-(G33-1))/H33)*(IF(I33<>0,(I33+H33)/H33,1)) | O33: =(N33-(1/6))/(10/6) | P33: 12 | Q33: =IF(F33=1,(((1-((P33-3)/12))*0.5)+0.5),((P33/15)*0.5)) | R33: 1 | S33: 0 | T33: 0 | U33: =IFERROR(T33/S33, 1) | V33: 0 | W33: =5*((O33*0.3)+(Q33*0.175)+(R33*0.175)+(U33*0.175)+((1-V33)*0.175))
A34: 46038 | B34: 9 | C34: Ryan | D34: Atraxa, Praetor's Voice | E34: 4 | F34: 0 | G34: 2 | H34: 3 | I34: 1 | J34: =F34-(1/H34) | K34: =((I34-((H34-1)/H34))-(-5/6))/((5-(5/6))-(-5/6)) | L34: =E34-((E33+E35)/2) | M34: =0.5 + (L34 * 0.09) | N34: =((H34-(G34-1))/H34)*(IF(I34<>0,(I34+H34)/H34,1)) | O34: =(N34-(1/6))/(10/6) | P34: 12 | Q34: =IF(F34=1,(((1-((P34-3)/12))*0.5)+0.5),((P34/15)*0.5)) | R34: 1 | S34: 2 | T34: 0 | U34: =IFERROR(T34/S34, 1) | V34: 0 | W34: =5*((O34*0.3)+(Q34*0.175)+(R34*0.175)+(U34*0.175)+((1-V34)*0.175))
A35: 46038 | B35: 9 | C35: Mateo | D35: Zurgo Stormrender | E35: 2 | F35: 0 | G35: 3 | H35: 3 | I35: 0 | J35: =F35-(1/H35) | K35: =((I35-((H35-1)/H35))-(-5/6))/((5-(5/6))-(-5/6)) | L35: =E35-((E33+E34)/2) | M35: =0.5 + (L35 * 0.09) | N35: =((H35-(G35-1))/H35)*(IF(I35<>0,(I35+H35)/H35,1)) | O35: =(N35-(1/6))/(10/6) | P35: 9 | Q35: =IF(F35=1,(((1-((P35-3)/12))*0.5)+0.5),((P35/15)*0.5)) | R35: 1 | S35: 1 | T35: 0 | U35: =IFERROR(T35/S35, 1) | V35: 0 | W35: =5*((O35*0.3)+(Q35*0.175)+(R35*0.175)+(U35*0.175)+((1-V35)*0.175))
A36: 46039 | B36: 10 | C36: Ryan | D36: Fire Lord Zuko | E36: 3 | F36: 1 | G36: 1 | H36: 3 | I36: 2 | J36: =F36-(1/H36) | K36: =((I36-((H36-1)/H36))-(-5/6))/((5-(5/6))-(-5/6)) | L36: =E36-((E37+E38)/2) | M36: =0.5 + (L36 * 0.09) | N36: =((H36-(G36-1))/H36)*(IF(I36<>0,(I36+H36)/H36,1)) | O36: =(N36-(1/6))/(10/6) | P36: 7 | Q36: =IF(F36=1,(((1-((P36-3)/12))*0.5)+0.5),((P36/15)*0.5)) | R36: 1 | S36: 0 | T36: 0 | U36: =IFERROR(T36/S36, 1) | V36: 0 | W36: =5*((O36*0.3)+(Q36*0.175)+(R36*0.175)+(U36*0.175)+((1-V36)*0.175))
A37: 46039 | B37: 10 | C37: Michelle | D37: The Wise Mothman | E37: 2 | F37: 0 | G37: 2 | H37: 3 | I37: 0 | J37: =F37-(1/H37) | K37: =((I37-((H37-1)/H37))-(-5/6))/((5-(5/6))-(-5/6)) | L37: =E37-((E36+E38)/2) | M37: =0.5 + (L37 * 0.09) | N37: =((H37-(G37-1))/H37)*(IF(I37<>0,(I37+H37)/H37,1)) | O37: =(N37-(1/6))/(10/6) | P37: 7 | Q37: =IF(F37=1,(((1-((P37-3)/12))*0.5)+0.5),((P37/15)*0.5)) | R37: 0 | S37: 0 | T37: 0 | U37: =IFERROR(T37/S37, 1) | V37: 0 | W37: =5*((O37*0.3)+(Q37*0.175)+(R37*0.175)+(U37*0.175)+((1-V37)*0.175))
A38: 46039 | B38: 10 | C38: Mateo | D38: Teval, the Balanced Scale | E38: 2 | F38: 0 | G38: 2 | H38: 3 | I38: 0 | J38: =F38-(1/H38) | K38: =((I38-((H38-1)/H38))-(-5/6))/((5-(5/6))-(-5/6)) | L38: =E38-((E36+E37)/2) | M38: =0.5 + (L38 * 0.09) | N38: =((H38-(G38-1))/H38)*(IF(I38<>0,(I38+H38)/H38,1)) | O38: =(N38-(1/6))/(10/6) | P38: 7 | Q38: =IF(F38=1,(((1-((P38-3)/12))*0.5)+0.5),((P38/15)*0.5)) | R38: 0 | S38: 0 | T38: 0 | U38: =IFERROR(T38/S38, 1) | V38: 0 | W38: =5*((O38*0.3)+(Q38*0.175)+(R38*0.175)+(U38*0.175)+((1-V38)*0.175))
A39: 46041 | B39: 11 | C39: Becca | D39: Ms. Bumbleflower | E39: 2 | F39: 1 | G39: 1 | H39: 4 | I39: 1 | J39: =F39-(1/H39) | K39: =((I39-((H39-1)/H39))-(-5/6))/((5-(5/6))-(-5/6)) | L39: =E39-((E40+E41+E42)/3) | M39: =0.5 + (L39 * 0.09) | N39: =((H39-(G39-1))/H39)*(IF(I39<>0,(I39+H39)/H39,1)) | O39: =(N39-(1/6))/(10/6) | P39: 11 | Q39: =IF(F39=1,(((1-((P39-3)/12))*0.5)+0.5),((P39/15)*0.5)) | R39: 1 | S39: 0 | T39: 0 | U39: =IFERROR(T39/S39, 1) | V39: 0 | W39: =5*((O39*0.3)+(Q39*0.175)+(R39*0.175)+(U39*0.175)+((1-V39)*0.175))
A40: 46041 | B40: 11 | C40: Ryan | D40: Davros, Dalek Creator | E40: 2 | F40: 0 | G40: 2 | H40: 4 | I40: 1 | J40: =F40-(1/H40) | K40: =((I40-((H40-1)/H40))-(-5/6))/((5-(5/6))-(-5/6)) | L40: =E40-((E39+E41+E42)/3) | M40: =0.5 + (L40 * 0.09) | N40: =((H40-(G40-1))/H40)*(IF(I40<>0,(I40+H40)/H40,1)) | O40: =(N40-(1/6))/(10/6) | P40: 11 | Q40: =IF(F40=1,(((1-((P40-3)/12))*0.5)+0.5),((P40/15)*0.5)) | R40: 1 | S40: 1 | T40: 1 | U40: =IFERROR(T40/S40, 1) | V40: 0 | W40: =5*((O40*0.3)+(Q40*0.175)+(R40*0.175)+(U40*0.175)+((1-V40)*0.175))
A41: 46041 | B41: 11 | C41: Mateo | D41: Toph, The First Metalbender | E41: 3 | F41: 0 | G41: 3 | H41: 4 | I41: 1 | J41: =F41-(1/H41) | K41: =((I41-((H41-1)/H41))-(-5/6))/((5-(5/6))-(-5/6)) | L41: =E41-((E39+E40+E42)/3) | M41: =0.5 + (L41 * 0.09) | N41: =((H41-(G41-1))/H41)*(IF(I41<>0,(I41+H41)/H41,1)) | O41: =(N41-(1/6))/(10/6) | P41: 10 | Q41: =IF(F41=1,(((1-((P41-3)/12))*0.5)+0.5),((P41/15)*0.5)) | R41: 1 | S41: 1 | T41: 1 | U41: =IFERROR(T41/S41, 1) | V41: 0 | W41: =5*((O41*0.3)+(Q41*0.175)+(R41*0.175)+(U41*0.175)+((1-V41)*0.175))
A42: 46041 | B42: 11 | C42: Manny | D42: Rashmi, Eternities Crafter | E42: 3 | F42: 0 | G42: 4 | H42: 4 | I42: 0 | J42: =F42-(1/H42) | K42: =((I42-((H42-1)/H42))-(-5/6))/((5-(5/6))-(-5/6)) | L42: =E42-((E39+E40+E41)/3) | M42: =0.5 + (L42 * 0.09) | N42: =((H42-(G42-1))/H42)*(IF(I42<>0,(I42+H42)/H42,1)) | O42: =(N42-(1/6))/(10/6) | P42: 9 | Q42: =IF(F42=1,(((1-((P42-3)/12))*0.5)+0.5),((P42/15)*0.5)) | R42: 1 | S42: 0 | T42: 0 | U42: =IFERROR(T42/S42, 1) | V42: 0 | W42: =5*((O42*0.3)+(Q42*0.175)+(R42*0.175)+(U42*0.175)+((1-V42)*0.175))
A43: 46045 | B43: 12 | C43: Ryan | D43: Cloud, Ex-SOLDIER | E43: 2 | F43: 1 | G43: 1 | H43: 3 | I43: 2 | J43: =F43-(1/H43) | K43: =((I43-((H43-1)/H43))-(-5/6))/((5-(5/6))-(-5/6)) | L43: =E43-((E44+E45)/2) | M43: =0.5 + (L43 * 0.09) | N43: =((H43-(G43-1))/H43)*(IF(I43<>0,(I43+H43)/H43,1)) | O43: =(N43-(1/6))/(10/6) | P43: 10 | Q43: =IF(F43=1,(((1-((P43-3)/12))*0.5)+0.5),((P43/15)*0.5)) | R43: 1 | S43: 1 | T43: 1 | U43: =IFERROR(T43/S43, 1) | V43: 0 | W43: =5*((O43*0.3)+(Q43*0.175)+(R43*0.175)+(U43*0.175)+((1-V43)*0.175))
A44: 46045 | B44: 12 | C44: Joseph | D44: Kilo, Apogee Mind | E44: 2 | F44: 0 | G44: 2 | H44: 3 | I44: 0 | J44: =F44-(1/H44) | K44: =((I44-((H44-1)/H44))-(-5/6))/((5-(5/6))-(-5/6)) | L44: =E44-((E43+E45)/2) | M44: =0.5 + (L44 * 0.09) | N44: =((H44-(G44-1))/H44)*(IF(I44<>0,(I44+H44)/H44,1)) | O44: =(N44-(1/6))/(10/6) | P44: 10 | Q44: =IF(F44=1,(((1-((P44-3)/12))*0.5)+0.5),((P44/15)*0.5)) | R44: 1 | S44: 0 | T44: 0 | U44: =IFERROR(T44/S44, 1) | V44: 0 | W44: =5*((O44*0.3)+(Q44*0.175)+(R44*0.175)+(U44*0.175)+((1-V44)*0.175))
A45: 46045 | B45: 12 | C45: Manny | D45: Frodo, Adventurous Hobbit/Sam, Loyal Attendant | E45: 4 | F45: 0 | G45: 3 | H45: 3 | I45: 0 | J45: =F45-(1/H45) | K45: =((I45-((H45-1)/H45))-(-5/6))/((5-(5/6))-(-5/6)) | L45: =E45-((E43+E44)/2) | M45: =0.5 + (L45 * 0.09) | N45: =((H45-(G45-1))/H45)*(IF(I45<>0,(I45+H45)/H45,1)) | O45: =(N45-(1/6))/(10/6) | P45: 9 | Q45: =IF(F45=1,(((1-((P45-3)/12))*0.5)+0.5),((P45/15)*0.5)) | R45: 1 | S45: 0 | T45: 0 | U45: =IFERROR(T45/S45, 1) | V45: 0 | W45: =5*((O45*0.3)+(Q45*0.175)+(R45*0.175)+(U45*0.175)+((1-V45)*0.175))
A46: 46045 | B46: 13 | C46: Mateo | D46: Toph, The First Metalbender | E46: 3 | F46: 1 | G46: 1 | H46: 4 | I46: 2 | J46: =F46-(1/H46) | K46: =((I46-((H46-1)/H46))-(-5/6))/((5-(5/6))-(-5/6)) | L46: =E46-((E47+E48+E49)/3) | M46: =0.5 + (L46 * 0.09) | N46: =((H46-(G46-1))/H46)*(IF(I46<>0,(I46+H46)/H46,1)) | O46: =(N46-(1/6))/(10/6) | P46: 13 | Q46: =IF(F46=1,(((1-((P46-3)/12))*0.5)+0.5),((P46/15)*0.5)) | R46: 1 | S46: 0 | T46: 0 | U46: =IFERROR(T46/S46, 1) | V46: 0 | W46: =5*((O46*0.3)+(Q46*0.175)+(R46*0.175)+(U46*0.175)+((1-V46)*0.175))
A47: 46045 | B47: 13 | C47: Ryan | D47: Preston Garvey, Minuteman | E47: 2 | F47: 0 | G47: 2 | H47: 4 | I47: 0 | J47: =F47-(1/H47) | K47: =((I47-((H47-1)/H47))-(-5/6))/((5-(5/6))-(-5/6)) | L47: =E47-((E46+E48+E49)/3) | M47: =0.5 + (L47 * 0.09) | N47: =((H47-(G47-1))/H47)*(IF(I47<>0,(I47+H47)/H47,1)) | O47: =(N47-(1/6))/(10/6) | P47: 13 | Q47: =IF(F47=1,(((1-((P47-3)/12))*0.5)+0.5),((P47/15)*0.5)) | R47: 0 | S47: 2 | T47: 1 | U47: =IFERROR(T47/S47, 1) | V47: 0 | W47: =5*((O47*0.3)+(Q47*0.175)+(R47*0.175)+(U47*0.175)+((1-V47)*0.175))
A48: 46045 | B48: 13 | C48: Manny | D48: Aragorn, the Uniter | E48: 3 | F48: 0 | G48: 3 | H48: 4 | I48: 1 | J48: =F48-(1/H48) | K48: =((I48-((H48-1)/H48))-(-5/6))/((5-(5/6))-(-5/6)) | L48: =E48-((E46+E47+E49)/3) | M48: =0.5 + (L48 * 0.09) | N48: =((H48-(G48-1))/H48)*(IF(I48<>0,(I48+H48)/H48,1)) | O48: =(N48-(1/6))/(10/6) | P48: 13 | Q48: =IF(F48=1,(((1-((P48-3)/12))*0.5)+0.5),((P48/15)*0.5)) | R48: 1 | S48: 1 | T48: 1 | U48: =IFERROR(T48/S48, 1) | V48: 0 | W48: =5*((O48*0.3)+(Q48*0.175)+(R48*0.175)+(U48*0.175)+((1-V48)*0.175))
A49: 46045 | B49: 13 | C49: Becca | D49: Aminatou, Veil Piercer | E49: 4 | F49: 0 | G49: 4 | H49: 4 | I49: 0 | J49: =F49-(1/H49) | K49: =((I49-((H49-1)/H49))-(-5/6))/((5-(5/6))-(-5/6)) | L49: =E49-((E46+E47+E48)/3) | M49: =0.5 + (L49 * 0.09) | N49: =((H49-(G49-1))/H49)*(IF(I49<>0,(I49+H49)/H49,1)) | O49: =(N49-(1/6))/(10/6) | P49: 8 | Q49: =IF(F49=1,(((1-((P49-3)/12))*0.5)+0.5),((P49/15)*0.5)) | R49: 0 | S49: 1 | T49: 0 | U49: =IFERROR(T49/S49, 1) | V49: 0 | W49: =5*((O49*0.3)+(Q49*0.175)+(R49*0.175)+(U49*0.175)+((1-V49)*0.175))
A50: 46045 | B50: 14 | C50: Ryan | D50: Eowyn, Shieldmaiden | E50: 2 | F50: 1 | G50: 1 | H50: 3 | I50: 1 | J50: =F50-(1/H50) | K50: =((I50-((H50-1)/H50))-(-5/6))/((5-(5/6))-(-5/6)) | L50: =E50-((E51+E52)/2) | M50: =0.5 + (L50 * 0.09) | N50: =((H50-(G50-1))/H50)*(IF(I50<>0,(I50+H50)/H50,1)) | O50: =(N50-(1/6))/(10/6) | P50: 10 | Q50: =IF(F50=1,(((1-((P50-3)/12))*0.5)+0.5),((P50/15)*0.5)) | R50: 1 | S50: 0 | T50: 0 | U50: =IFERROR(T50/S50, 1) | V50: 0 | W50: =5*((O50*0.3)+(Q50*0.175)+(R50*0.175)+(U50*0.175)+((1-V50)*0.175))
A51: 46045 | B51: 14 | C51: Manny | D51: Frodo, Adventurous Hobbit/Sam, Loyal Attendant | E51: 4 | F51: 0 | G51: 2 | H51: 3 | I51: 1 | J51: =F51-(1/H51) | K51: =((I51-((H51-1)/H51))-(-5/6))/((5-(5/6))-(-5/6)) | L51: =E51-((E50+E52)/2) | M51: =0.5 + (L51 * 0.09) | N51: =((H51-(G51-1))/H51)*(IF(I51<>0,(I51+H51)/H51,1)) | O51: =(N51-(1/6))/(10/6) | P51: 10 | Q51: =IF(F51=1,(((1-((P51-3)/12))*0.5)+0.5),((P51/15)*0.5)) | R51: 1 | S51: 0 | T51: 0 | U51: =IFERROR(T51/S51, 1) | V51: 0 | W51: =5*((O51*0.3)+(Q51*0.175)+(R51*0.175)+(U51*0.175)+((1-V51)*0.175))
A52: 46045 | B52: 14 | C52: Mateo | D52: Fire Lord Zuko (Ryan's) | E52: 3 | F52: 0 | G52: 3 | H52: 3 | I52: 0 | J52: =F52-(1/H52) | K52: =((I52-((H52-1)/H52))-(-5/6))/((5-(5/6))-(-5/6)) | L52: =E52-((E50+E51)/2) | M52: =0.5 + (L52 * 0.09) | N52: =((H52-(G52-1))/H52)*(IF(I52<>0,(I52+H52)/H52,1)) | O52: =(N52-(1/6))/(10/6) | P52: 9 | Q52: =IF(F52=1,(((1-((P52-3)/12))*0.5)+0.5),((P52/15)*0.5)) | R52: 1 | S52: 0 | T52: 0 | U52: =IFERROR(T52/S52, 1) | V52: 1 | W52: =5*((O52*0.3)+(Q52*0.175)+(R52*0.175)+(U52*0.175)+((1-V52)*0.175))
A53: 46050 | B53: 15 | C53: Mateo | D53: Zurgo Stormrender | E53: 2 | F53: 1 | G53: 1 | H53: 4 | I53: 1 | J53: =F53-(1/H53) | K53: =((I53-((H53-1)/H53))-(-5/6))/((5-(5/6))-(-5/6)) | L53: =E53-((E54+E55+E56)/3) | M53: =0.5 + (L53 * 0.09) | N53: =((H53-(G53-1))/H53)*(IF(I53<>0,(I53+H53)/H53,1)) | O53: =(N53-(1/6))/(10/6) | P53: 12 | Q53: =IF(F53=1,(((1-((P53-3)/12))*0.5)+0.5),((P53/15)*0.5)) | R53: 1 | S53: 2 | T53: 2 | U53: =IFERROR(T53/S53, 1) | V53: 0 | W53: =5*((O53*0.3)+(Q53*0.175)+(R53*0.175)+(U53*0.175)+((1-V53)*0.175))
A54: 46050 | B54: 15 | C54: Ryan | D54: Preston Garvey, Minuteman | E54: 2 | F54: 0 | G54: 2 | H54: 4 | I54: 2 | J54: =F54-(1/H54) | K54: =((I54-((H54-1)/H54))-(-5/6))/((5-(5/6))-(-5/6)) | L54: =E54-((E53+E55+E56)/3) | M54: =0.5 + (L54 * 0.09) | N54: =((H54-(G54-1))/H54)*(IF(I54<>0,(I54+H54)/H54,1)) | O54: =(N54-(1/6))/(10/6) | P54: 12 | Q54: =IF(F54=1,(((1-((P54-3)/12))*0.5)+0.5),((P54/15)*0.5)) | R54: 0 | S54: 2 | T54: 1 | U54: =IFERROR(T54/S54, 1) | V54: 0 | W54: =5*((O54*0.3)+(Q54*0.175)+(R54*0.175)+(U54*0.175)+((1-V54)*0.175))
A55: 46050 | B55: 15 | C55: Joseph | D55: Anti-Venom, Horrifying Healer | E55: 3 | F55: 0 | G55: 3 | H55: 4 | I55: 0 | J55: =F55-(1/H55) | K55: =((I55-((H55-1)/H55))-(-5/6))/((5-(5/6))-(-5/6)) | L55: =E55-((E53+E54+E56)/3) | M55: =0.5 + (L55 * 0.09) | N55: =((H55-(G55-1))/H55)*(IF(I55<>0,(I55+H55)/H55,1)) | O55: =(N55-(1/6))/(10/6) | P55: 11 | Q55: =IF(F55=1,(((1-((P55-3)/12))*0.5)+0.5),((P55/15)*0.5)) | R55: 1 | S55: 1 | T55: 0 | U55: =IFERROR(T55/S55, 1) | V55: 0 | W55: =5*((O55*0.3)+(Q55*0.175)+(R55*0.175)+(U55*0.175)+((1-V55)*0.175))
A56: 46050 | B56: 15 | C56: Manny | D56: Fire Lord Azula | E56: 3 | F56: 0 | G56: 3 | H56: 4 | I56: 0 | J56: =F56-(1/H56) | K56: =((I56-((H56-1)/H56))-(-5/6))/((5-(5/6))-(-5/6)) | L56: =E56-((E53+E54+E55)/3) | M56: =0.5 + (L56 * 0.09) | N56: =((H56-(G56-1))/H56)*(IF(I56<>0,(I56+H56)/H56,1)) | O56: =(N56-(1/6))/(10/6) | P56: 11 | Q56: =IF(F56=1,(((1-((P56-3)/12))*0.5)+0.5),((P56/15)*0.5)) | R56: 0 | S56: 3 | T56: 3 | U56: =IFERROR(T56/S56, 1) | V56: 1 | W56: =5*((O56*0.3)+(Q56*0.175)+(R56*0.175)+(U56*0.175)+((1-V56)*0.175))
A57: 46052 | B57: 16 | C57: Joseph | D57: Valgavoth, Harrower of Souls | E57: 3 | F57: 1 | G57: 1 | H57: 4 | I57: 1 | J57: =F57-(1/H57) | K57: =((I57-((H57-1)/H57))-(-5/6))/((5-(5/6))-(-5/6)) | L57: =E57-((E58+E59+E60)/3) | M57: =0.5 + (L57 * 0.09) | N57: =((H57-(G57-1))/H57)*(IF(I57<>0,(I57+H57)/H57,1)) | O57: =(N57-(1/6))/(10/6) | P57: 11 | Q57: =IF(F57=1,(((1-((P57-3)/12))*0.5)+0.5),((P57/15)*0.5)) | R57: 1 | S57: 2 | T57: 1 | U57: =IFERROR(T57/S57, 1) | V57: 0 | W57: =5*((O57*0.3)+(Q57*0.175)+(R57*0.175)+(U57*0.175)+((1-V57)*0.175))
A58: 46052 | B58: 16 | C58: Ryan | D58: Davros, Dalek Creator | E58: 2 | F58: 0 | G58: 2 | H58: 4 | I58: 2 | J58: =F58-(1/H58) | K58: =((I58-((H58-1)/H58))-(-5/6))/((5-(5/6))-(-5/6)) | L58: =E58-((E57+E59+E60)/3) | M58: =0.5 + (L58 * 0.09) | N58: =((H58-(G58-1))/H58)*(IF(I58<>0,(I58+H58)/H58,1)) | O58: =(N58-(1/6))/(10/6) | P58: 11 | Q58: =IF(F58=1,(((1-((P58-3)/12))*0.5)+0.5),((P58/15)*0.5)) | R58: 1 | S58: 3 | T58: 2 | U58: =IFERROR(T58/S58, 1) | V58: 0 | W58: =5*((O58*0.3)+(Q58*0.175)+(R58*0.175)+(U58*0.175)+((1-V58)*0.175))
A59: 46052 | B59: 16 | C59: Manny | D59: Rashmi, Eternities Crafter | E59: 3 | F59: 0 | G59: 3 | H59: 4 | I59: 0 | J59: =F59-(1/H59) | K59: =((I59-((H59-1)/H59))-(-5/6))/((5-(5/6))-(-5/6)) | L59: =E59-((E57+E58+E60)/3) | M59: =0.5 + (L59 * 0.09) | N59: =((H59-(G59-1))/H59)*(IF(I59<>0,(I59+H59)/H59,1)) | O59: =(N59-(1/6))/(10/6) | P59: 10 | Q59: =IF(F59=1,(((1-((P59-3)/12))*0.5)+0.5),((P59/15)*0.5)) | R59: 1 | S59: 1 | T59: 1 | U59: =IFERROR(T59/S59, 1) | V59: 0 | W59: =5*((O59*0.3)+(Q59*0.175)+(R59*0.175)+(U59*0.175)+((1-V59)*0.175))
A60: 46052 | B60: 16 | C60: Mateo | D60: Auntie Ool, Cursewretch | E60: 4 | F60: 0 | G60: 3 | H60: 4 | I60: 0 | J60: =F60-(1/H60) | K60: =((I60-((H60-1)/H60))-(-5/6))/((5-(5/6))-(-5/6)) | L60: =E60-((E57+E58+E59)/3) | M60: =0.5 + (L60 * 0.09) | N60: =((H60-(G60-1))/H60)*(IF(I60<>0,(I60+H60)/H60,1)) | O60: =(N60-(1/6))/(10/6) | P60: 10 | Q60: =IF(F60=1,(((1-((P60-3)/12))*0.5)+0.5),((P60/15)*0.5)) | R60: 0 | S60: 2 | T60: 1 | U60: =IFERROR(T60/S60, 1) | V60: 1 | W60: =5*((O60*0.3)+(Q60*0.175)+(R60*0.175)+(U60*0.175)+((1-V60)*0.175))
A61: 46052 | B61: 17 | C61: Becca | D61: Ms. Bumbleflower | E61: 2 | F61: 1 | G61: 1 | H61: 5 | I61: 2 | J61: =F61-(1/H61) | K61: =((I61-((H61-1)/H61))-(-5/6))/((5-(5/6))-(-5/6)) | L61: =E61-((E62+E63+E64+E65)/4) | M61: =0.5 + (L61 * 0.09) | N61: =((H61-(G61-1))/H61)*(IF(I61<>0,(I61+H61)/H61,1)) | O61: =(N61-(1/6))/(10/6) | P61: 15 | Q61: =IF(F61=1,(((1-((P61-3)/12))*0.5)+0.5),((P61/15)*0.5)) | R61: 1 | S61: 1 | T61: 0 | U61: =IFERROR(T61/S61, 1) | V61: 0 | W61: =5*((O61*0.3)+(Q61*0.175)+(R61*0.175)+(U61*0.175)+((1-V61)*0.175))
A62: 46052 | B62: 17 | C62: Mateo | D62: Chatterfang, Squirrel General | E62: 2 | F62: 0 | G62: 2 | H62: 5 | I62: 1 | J62: =F62-(1/H62) | K62: =((I62-((H62-1)/H62))-(-5/6))/((5-(5/6))-(-5/6)) | L62: =E62-((E61+E63+E64+E65)/4) | M62: =0.5 + (L62 * 0.09) | N62: =((H62-(G62-1))/H62)*(IF(I62<>0,(I62+H62)/H62,1)) | O62: =(N62-(1/6))/(10/6) | P62: 15 | Q62: =IF(F62=1,(((1-((P62-3)/12))*0.5)+0.5),((P62/15)*0.5)) | R62: 1 | S62: 2 | T62: 1 | U62: =IFERROR(T62/S62, 1) | V62: 0 | W62: =5*((O62*0.3)+(Q62*0.175)+(R62*0.175)+(U62*0.175)+((1-V62)*0.175))
A63: 46052 | B63: 17 | C63: Joseph | D63: Ulalek, Fused Atrocity | E63: 2 | F63: 0 | G63: 3 | H63: 5 | I63: 0 | J63: =F63-(1/H63) | K63: =((I63-((H63-1)/H63))-(-5/6))/((5-(5/6))-(-5/6)) | L63: =E63-((E61+E62+E64+E65)/4) | M63: =0.5 + (L63 * 0.09) | N63: =((H63-(G63-1))/H63)*(IF(I63<>0,(I63+H63)/H63,1)) | O63: =(N63-(1/6))/(10/6) | P63: 10 | Q63: =IF(F63=1,(((1-((P63-3)/12))*0.5)+0.5),((P63/15)*0.5)) | R63: 0 | S63: 1 | T63: 0 | U63: =IFERROR(T63/S63, 1) | V63: 1 | W63: =5*((O63*0.3)+(Q63*0.175)+(R63*0.175)+(U63*0.175)+((1-V63)*0.175))
A64: 46052 | B64: 17 | C64: Manny | D64: Frodo, Adventurous Hobbit/Sam, Loyal Attendant | E64: 4 | F64: 0 | G64: 4 | H64: 5 | I64: 1 | J64: =F64-(1/H64) | K64: =((I64-((H64-1)/H64))-(-5/6))/((5-(5/6))-(-5/6)) | L64: =E64-((E61+E62+E63+E65)/4) | M64: =0.5 + (L64 * 0.09) | N64: =((H64-(G64-1))/H64)*(IF(I64<>0,(I64+H64)/H64,1)) | O64: =(N64-(1/6))/(10/6) | P64: 8 | Q64: =IF(F64=1,(((1-((P64-3)/12))*0.5)+0.5),((P64/15)*0.5)) | R64: 1 | S64: 1 | T64: 0 | U64: =IFERROR(T64/S64, 1) | V64: 0 | W64: =5*((O64*0.3)+(Q64*0.175)+(R64*0.175)+(U64*0.175)+((1-V64)*0.175))
A65: 46052 | B65: 17 | C65: Ryan | D65: Atraxa, Praetor's Voice | E65: 4 | F65: 0 | G65: 5 | H65: 5 | I65: 0 | J65: =F65-(1/H65) | K65: =((I65-((H65-1)/H65))-(-5/6))/((5-(5/6))-(-5/6)) | L65: =E65-((E61+E62+E63+E64)/4) | M65: =0.5 + (L65 * 0.09) | N65: =((H65-(G65-1))/H65)*(IF(I65<>0,(I65+H65)/H65,1)) | O65: =(N65-(1/6))/(10/6) | P65: 8 | Q65: =IF(F65=1,(((1-((P65-3)/12))*0.5)+0.5),((P65/15)*0.5)) | R65: 0 | S65: 0 | T65: 0 | U65: =IFERROR(T65/S65, 1) | V65: 1 | W65: =5*((O65*0.3)+(Q65*0.175)+(R65*0.175)+(U65*0.175)+((1-V65)*0.175))
A66: 46059 | B66: 18 | C66: Mateo | D66: Toph, The First Metalbender | E66: 3 | F66: 1 | G66: 1 | H66: 5 | I66: 2 | J66: =F66-(1/H66) | K66: =((I66-((H66-1)/H66))-(-5/6))/((5-(5/6))-(-5/6)) | L66: =E66-((E67+E68+E69+E70)/4) | M66: =0.5 + (L66 * 0.09) | N66: =((H66-(G66-1))/H66)*(IF(I66<>0,(I66+H66)/H66,1)) | O66: =(N66-(1/6))/(10/6) | P66: 10 | Q66: =IF(F66=1,(((1-((P66-3)/12))*0.5)+0.5),((P66/15)*0.5)) | R66: 1 | S66: 1 | T66: 0 | U66: =IFERROR(T66/S66, 1) | V66: 0 | W66: =5*((O66*0.3)+(Q66*0.175)+(R66*0.175)+(U66*0.175)+((1-V66)*0.175))
A67: 46059 | B67: 18 | C67: Becca | D67: Ms. Bumbleflower | E67: 2 | F67: 0 | G67: 2 | H67: 5 | I67: 0 | J67: =F67-(1/H67) | K67: =((I67-((H67-1)/H67))-(-5/6))/((5-(5/6))-(-5/6)) | L67: =E67-((E66+E68+E69+E70)/4) | M67: =0.5 + (L67 * 0.09) | N67: =((H67-(G67-1))/H67)*(IF(I67<>0,(I67+H67)/H67,1)) | O67: =(N67-(1/6))/(10/6) | P67: 10 | Q67: =IF(F67=1,(((1-((P67-3)/12))*0.5)+0.5),((P67/15)*0.5)) | R67: 0 | S67: 2 | T67: 2 | U67: =IFERROR(T67/S67, 1) | V67: 0 | W67: =5*((O67*0.3)+(Q67*0.175)+(R67*0.175)+(U67*0.175)+((1-V67)*0.175))
A68: 46059 | B68: 18 | C68: Michelle | D68: The Wise Mothman | E68: 2 | F68: 0 | G68: 2 | H68: 5 | I68: 2 | J68: =F68-(1/H68) | K68: =((I68-((H68-1)/H68))-(-5/6))/((5-(5/6))-(-5/6)) | L68: =E68-((E66+E67+E69+E70)/4) | M68: =0.5 + (L68 * 0.09) | N68: =((H68-(G68-1))/H68)*(IF(I68<>0,(I68+H68)/H68,1)) | O68: =(N68-(1/6))/(10/6) | P68: 10 | Q68: =IF(F68=1,(((1-((P68-3)/12))*0.5)+0.5),((P68/15)*0.5)) | R68: 0 | S68: 1 | T68: 0 | U68: =IFERROR(T68/S68, 1) | V68: 0 | W68: =5*((O68*0.3)+(Q68*0.175)+(R68*0.175)+(U68*0.175)+((1-V68)*0.175))
A69: 46059 | B69: 18 | C69: Red | D69: Cloud, Ex-SOLDIER | E69: 2 | F69: 0 | G69: 4 | H69: 5 | I69: 0 | J69: =F69-(1/H69) | K69: =((I69-((H69-1)/H69))-(-5/6))/((5-(5/6))-(-5/6)) | L69: =E69-((E66+E67+E68+E70)/4) | M69: =0.5 + (L69 * 0.09) | N69: =((H69-(G69-1))/H69)*(IF(I69<>0,(I69+H69)/H69,1)) | O69: =(N69-(1/6))/(10/6) | P69: 9 | Q69: =IF(F69=1,(((1-((P69-3)/12))*0.5)+0.5),((P69/15)*0.5)) | R69: 1 | S69: 1 | T69: 0 | U69: =IFERROR(T69/S69, 1) | V69: 0 | W69: =5*((O69*0.3)+(Q69*0.175)+(R69*0.175)+(U69*0.175)+((1-V69)*0.175))
A70: 46059 | B70: 18 | C70: Ryan | D70: Preston Garvey, Minuteman | E70: 2 | F70: 0 | G70: 5 | H70: 5 | I70: 0 | J70: =F70-(1/H70) | K70: =((I70-((H70-1)/H70))-(-5/6))/((5-(5/6))-(-5/6)) | L70: =E70-((E66+E67+E68+E69)/4) | M70: =0.5 + (L70 * 0.09) | N70: =((H70-(G70-1))/H70)*(IF(I70<>0,(I70+H70)/H70,1)) | O70: =(N70-(1/6))/(10/6) | P70: 8 | Q70: =IF(F70=1,(((1-((P70-3)/12))*0.5)+0.5),((P70/15)*0.5)) | R70: 0 | S70: 1 | T70: 1 | U70: =IFERROR(T70/S70, 1) | V70: 0 | W70: =5*((O70*0.3)+(Q70*0.175)+(R70*0.175)+(U70*0.175)+((1-V70)*0.175))
A71: 46059 | B71: 19 | C71: Becca | D71: Ms. Bumbleflower | E71: 2 | F71: 1 | G71: 1 | H71: 4 | I71: 1 | J71: =F71-(1/H71) | K71: =((I71-((H71-1)/H71))-(-5/6))/((5-(5/6))-(-5/6)) | L71: =E71-((E72+E73+E74)/3) | M71: =0.5 + (L71 * 0.09) | N71: =((H71-(G71-1))/H71)*(IF(I71<>0,(I71+H71)/H71,1)) | O71: =(N71-(1/6))/(10/6) | P71: 9 | Q71: =IF(F71=1,(((1-((P71-3)/12))*0.5)+0.5),((P71/15)*0.5)) | R71: 1 | S71: 0 | T71: 0 | U71: =IFERROR(T71/S71, 1) | V71: 0 | W71: =5*((O71*0.3)+(Q71*0.175)+(R71*0.175)+(U71*0.175)+((1-V71)*0.175))
A72: 46059 | B72: 19 | C72: Ryan | D72: Eowyn, Shieldmaiden | E72: 2 | F72: 0 | G72: 2 | H72: 4 | I72: 1 | J72: =F72-(1/H72) | K72: =((I72-((H72-1)/H72))-(-5/6))/((5-(5/6))-(-5/6)) | L72: =E72-((E71+E73+E74)/3) | M72: =0.5 + (L72 * 0.09) | N72: =((H72-(G72-1))/H72)*(IF(I72<>0,(I72+H72)/H72,1)) | O72: =(N72-(1/6))/(10/6) | P72: 9 | Q72: =IF(F72=1,(((1-((P72-3)/12))*0.5)+0.5),((P72/15)*0.5)) | R72: 1 | S72: 1 | T72: 1 | U72: =IFERROR(T72/S72, 1) | V72: 0 | W72: =5*((O72*0.3)+(Q72*0.175)+(R72*0.175)+(U72*0.175)+((1-V72)*0.175))
A73: 46059 | B73: 19 | C73: Mateo | D73: Ureni of the Unwritten | E73: 3 | F73: 0 | G73: 3 | H73: 4 | I73: 1 | J73: =F73-(1/H73) | K73: =((I73-((H73-1)/H73))-(-5/6))/((5-(5/6))-(-5/6)) | L73: =E73-((E71+E72+E74)/3) | M73: =0.5 + (L73 * 0.09) | N73: =((H73-(G73-1))/H73)*(IF(I73<>0,(I73+H73)/H73,1)) | O73: =(N73-(1/6))/(10/6) | P73: 8 | Q73: =IF(F73=1,(((1-((P73-3)/12))*0.5)+0.5),((P73/15)*0.5)) | R73: 1 | S73: 0 | T73: 0 | U73: =IFERROR(T73/S73, 1) | V73: 0 | W73: =5*((O73*0.3)+(Q73*0.175)+(R73*0.175)+(U73*0.175)+((1-V73)*0.175))
A74: 46059 | B74: 19 | C74: Red | D74: Fire Lord Zuko (Ryan's) | E74: 3 | F74: 0 | G74: 4 | H74: 4 | I74: 0 | J74: =F74-(1/H74) | K74: =((I74-((H74-1)/H74))-(-5/6))/((5-(5/6))-(-5/6)) | L74: =E74-((E71+E72+E73)/3) | M74: =0.5 + (L74 * 0.09) | N74: =((H74-(G74-1))/H74)*(IF(I74<>0,(I74+H74)/H74,1)) | O74: =(N74-(1/6))/(10/6) | P74: 7 | Q74: =IF(F74=1,(((1-((P74-3)/12))*0.5)+0.5),((P74/15)*0.5)) | R74: 0 | S74: 1 | T74: 0 | U74: =IFERROR(T74/S74, 1) | V74: 0 | W74: =5*((O74*0.3)+(Q74*0.175)+(R74*0.175)+(U74*0.175)+((1-V74)*0.175))
A75: 46066 | B75: 20 | C75: Joseph | D75: Valgavoth, Harrower of Souls | E75: 3 | F75: 1 | G75: 1 | H75: 4 | I75: 2 | J75: =F75-(1/H75) | K75: =((I75-((H75-1)/H75))-(-5/6))/((5-(5/6))-(-5/6)) | L75: =E75-((E76+E77+E78)/3) | M75: =0.5 + (L75 * 0.09) | N75: =((H75-(G75-1))/H75)*(IF(I75<>0,(I75+H75)/H75,1)) | O75: =(N75-(1/6))/(10/6) | P75: 9 | Q75: =IF(F75=1,(((1-((P75-3)/12))*0.5)+0.5),((P75/15)*0.5)) | R75: 1 | S75: 0 | T75: 0 | U75: =IFERROR(T75/S75, 1) | V75: 0 | W75: =5*((O75*0.3)+(Q75*0.175)+(R75*0.175)+(U75*0.175)+((1-V75)*0.175))
A76: 46066 | B76: 20 | C76: Manny | D76: Rashmi, Eternities Crafter | E76: 3 | F76: 0 | G76: 2 | H76: 4 | I76: 1 | J76: =F76-(1/H76) | K76: =((I76-((H76-1)/H76))-(-5/6))/((5-(5/6))-(-5/6)) | L76: =E76-((E75+E77+E78)/3) | M76: =0.5 + (L76 * 0.09) | N76: =((H76-(G76-1))/H76)*(IF(I76<>0,(I76+H76)/H76,1)) | O76: =(N76-(1/6))/(10/6) | P76: 9 | Q76: =IF(F76=1,(((1-((P76-3)/12))*0.5)+0.5),((P76/15)*0.5)) | R76: 0 | S76: 0 | T76: 0 | U76: =IFERROR(T76/S76, 1) | V76: 0 | W76: =5*((O76*0.3)+(Q76*0.175)+(R76*0.175)+(U76*0.175)+((1-V76)*0.175))
A77: 46066 | B77: 20 | C77: Mateo | D77: Frodo, Adventurous Hobbit/Sam, Loyal Attendant (Manny's) | E77: 4 | F77: 0 | G77: 3 | H77: 4 | I77: 0 | J77: =F77-(1/H77) | K77: =((I77-((H77-1)/H77))-(-5/6))/((5-(5/6))-(-5/6)) | L77: =E77-((E75+E76+E78)/3) | M77: =0.5 + (L77 * 0.09) | N77: =((H77-(G77-1))/H77)*(IF(I77<>0,(I77+H77)/H77,1)) | O77: =(N77-(1/6))/(10/6) | P77: 8 | Q77: =IF(F77=1,(((1-((P77-3)/12))*0.5)+0.5),((P77/15)*0.5)) | R77: 0 | S77: 2 | T77: 1 | U77: =IFERROR(T77/S77, 1) | V77: 0 | W77: =5*((O77*0.3)+(Q77*0.175)+(R77*0.175)+(U77*0.175)+((1-V77)*0.175))
A78: 46066 | B78: 20 | C78: Ryan | D78: Kratos, Stoic Father/Atreus, Impulsive Son | E78: 2 | F78: 0 | G78: 4 | H78: 4 | I78: 0 | J78: =F78-(1/H78) | K78: =((I78-((H78-1)/H78))-(-5/6))/((5-(5/6))-(-5/6)) | L78: =E78-((E75+E76+E77)/3) | M78: =0.5 + (L78 * 0.09) | N78: =((H78-(G78-1))/H78)*(IF(I78<>0,(I78+H78)/H78,1)) | O78: =(N78-(1/6))/(10/6) | P78: 8 | Q78: =IF(F78=1,(((1-((P78-3)/12))*0.5)+0.5),((P78/15)*0.5)) | R78: 1 | S78: 0 | T78: 0 | U78: =IFERROR(T78/S78, 1) | V78: 0 | W78: =5*((O78*0.3)+(Q78*0.175)+(R78*0.175)+(U78*0.175)+((1-V78)*0.175))
A79: 46066 | B79: 21 | C79: Manny | D79: Aragorn, the Uniter | E79: 3 | F79: 1 | G79: 1 | H79: 4 | I79: 2 | J79: =F79-(1/H79) | K79: =((I79-((H79-1)/H79))-(-5/6))/((5-(5/6))-(-5/6)) | L79: =E79-((E80+E81+E82)/3) | M79: =0.5 + (L79 * 0.09) | N79: =((H79-(G79-1))/H79)*(IF(I79<>0,(I79+H79)/H79,1)) | O79: =(N79-(1/6))/(10/6) | P79: 10 | Q79: =IF(F79=1,(((1-((P79-3)/12))*0.5)+0.5),((P79/15)*0.5)) | R79: 1 | S79: 1 | T79: 0 | U79: =IFERROR(T79/S79, 1) | V79: 0 | W79: =5*((O79*0.3)+(Q79*0.175)+(R79*0.175)+(U79*0.175)+((1-V79)*0.175))
A80: 46066 | B80: 21 | C80: Joseph | D80: Ulalek, Fused Atrocity | E80: 2 | F80: 0 | G80: 2 | H80: 4 | I80: 0 | J80: =F80-(1/H80) | K80: =((I80-((H80-1)/H80))-(-5/6))/((5-(5/6))-(-5/6)) | L80: =E80-((E79+E81+E82)/3) | M80: =0.5 + (L80 * 0.09) | N80: =((H80-(G80-1))/H80)*(IF(I80<>0,(I80+H80)/H80,1)) | O80: =(N80-(1/6))/(10/6) | P80: 10 | Q80: =IF(F80=1,(((1-((P80-3)/12))*0.5)+0.5),((P80/15)*0.5)) | R80: 0 | S80: 1 | T80: 0 | U80: =IFERROR(T80/S80, 1) | V80: 1 | W80: =5*((O80*0.3)+(Q80*0.175)+(R80*0.175)+(U80*0.175)+((1-V80)*0.175))
A81: 46066 | B81: 21 | C81: Ryan | D81: Ashling, The Limitless | E81: 2 | F81: 0 | G81: 3 | H81: 4 | I81: 1 | J81: =F81-(1/H81) | K81: =((I81-((H81-1)/H81))-(-5/6))/((5-(5/6))-(-5/6)) | L81: =E81-((E79+E80+E82)/3) | M81: =0.5 + (L81 * 0.09) | N81: =((H81-(G81-1))/H81)*(IF(I81<>0,(I81+H81)/H81,1)) | O81: =(N81-(1/6))/(10/6) | P81: 9 | Q81: =IF(F81=1,(((1-((P81-3)/12))*0.5)+0.5),((P81/15)*0.5)) | R81: 1 | S81: 1 | T81: 0 | U81: =IFERROR(T81/S81, 1) | V81: 0 | W81: =5*((O81*0.3)+(Q81*0.175)+(R81*0.175)+(U81*0.175)+((1-V81)*0.175))
A82: 46066 | B82: 21 | C82: Mateo | D82: Auntie Ool, Cursewretch | E82: 4 | F82: 0 | G82: 4 | H82: 4 | I82: 0 | J82: =F82-(1/H82) | K82: =((I82-((H82-1)/H82))-(-5/6))/((5-(5/6))-(-5/6)) | L82: =E82-((E79+E80+E81)/3) | M82: =0.5 + (L82 * 0.09) | N82: =((H82-(G82-1))/H82)*(IF(I82<>0,(I82+H82)/H82,1)) | O82: =(N82-(1/6))/(10/6) | P82: 9 | Q82: =IF(F82=1,(((1-((P82-3)/12))*0.5)+0.5),((P82/15)*0.5)) | R82: 1 | S82: 1 | T82: 1 | U82: =IFERROR(T82/S82, 1) | V82: 0 | W82: =5*((O82*0.3)+(Q82*0.175)+(R82*0.175)+(U82*0.175)+((1-V82)*0.175))
A83: 46073 | B83: 22 | C83: Mateo | D83: Chatterfang, Squirrel General | E83: 2 | F83: 1 | G83: 1 | H83: 5 | I83: 3 | J83: =F83-(1/H83) | K83: =((I83-((H83-1)/H83))-(-5/6))/((5-(5/6))-(-5/6)) | L83: =E83-((E84+E85+E86+E87)/4) | M83: =0.5 + (L83 * 0.09) | N83: =((H83-(G83-1))/H83)*(IF(I83<>0,(I83+H83)/H83,1)) | O83: =(N83-(1/6))/(10/6) | P83: 8 | Q83: =IF(F83=1,(((1-((P83-3)/12))*0.5)+0.5),((P83/15)*0.5)) | R83: 1 | S83: 0 | T83: 0 | U83: =IFERROR(T83/S83, 1) | V83: 0 | W83: =5*((O83*0.3)+(Q83*0.175)+(R83*0.175)+(U83*0.175)+((1-V83)*0.175))
A84: 46073 | B84: 22 | C84: Ryan | D84: Fire Lord Zuko | E84: 3 | F84: 0 | G84: 2 | H84: 5 | I84: 0 | J84: =F84-(1/H84) | K84: =((I84-((H84-1)/H84))-(-5/6))/((5-(5/6))-(-5/6)) | L84: =E84-((E83+E85+E86+E87)/4) | M84: =0.5 + (L84 * 0.09) | N84: =((H84-(G84-1))/H84)*(IF(I84<>0,(I84+H84)/H84,1)) | O84: =(N84-(1/6))/(10/6) | P84: 8 | Q84: =IF(F84=1,(((1-((P84-3)/12))*0.5)+0.5),((P84/15)*0.5)) | R84: 0 | S84: 0 | T84: 0 | U84: =IFERROR(T84/S84, 1) | V84: 1 | W84: =5*((O84*0.3)+(Q84*0.175)+(R84*0.175)+(U84*0.175)+((1-V84)*0.175))
A85: 46073 | B85: 22 | C85: Manny | D85: Aragorn, the Uniter | E85: 3 | F85: 0 | G85: 3 | H85: 5 | I85: 1 | J85: =F85-(1/H85) | K85: =((I85-((H85-1)/H85))-(-5/6))/((5-(5/6))-(-5/6)) | L85: =E85-((E83+E84+E86+E87)/4) | M85: =0.5 + (L85 * 0.09) | N85: =((H85-(G85-1))/H85)*(IF(I85<>0,(I85+H85)/H85,1)) | O85: =(N85-(1/6))/(10/6) | P85: 7 | Q85: =IF(F85=1,(((1-((P85-3)/12))*0.5)+0.5),((P85/15)*0.5)) | R85: 1 | S85: 0 | T85: 0 | U85: =IFERROR(T85/S85, 1) | V85: 0 | W85: =5*((O85*0.3)+(Q85*0.175)+(R85*0.175)+(U85*0.175)+((1-V85)*0.175))
A86: 46073 | B86: 22 | C86: Becca | D86: Ms. Bumbleflower | E86: 2 | F86: 0 | G86: 3 | H86: 5 | I86: 0 | J86: =F86-(1/H86) | K86: =((I86-((H86-1)/H86))-(-5/6))/((5-(5/6))-(-5/6)) | L86: =E86-((E83+E84+E85+E87)/4) | M86: =0.5 + (L86 * 0.09) | N86: =((H86-(G86-1))/H86)*(IF(I86<>0,(I86+H86)/H86,1)) | O86: =(N86-(1/6))/(10/6) | P86: 7 | Q86: =IF(F86=1,(((1-((P86-3)/12))*0.5)+0.5),((P86/15)*0.5)) | R86: 0 | S86: 0 | T86: 0 | U86: =IFERROR(T86/S86, 1) | V86: 0 | W86: =5*((O86*0.3)+(Q86*0.175)+(R86*0.175)+(U86*0.175)+((1-V86)*0.175))
A87: 46073 | B87: 22 | C87: Red | D87: Cloud, Ex-SOLDIER | E87: 2 | F87: 0 | G87: 5 | H87: 5 | I87: 0 | J87: =F87-(1/H87) | K87: =((I87-((H87-1)/H87))-(-5/6))/((5-(5/6))-(-5/6)) | L87: =E87-((E83+E84+E85+E86)/4) | M87: =0.5 + (L87 * 0.09) | N87: =((H87-(G87-1))/H87)*(IF(I87<>0,(I87+H87)/H87,1)) | O87: =(N87-(1/6))/(10/6) | P87: 7 | Q87: =IF(F87=1,(((1-((P87-3)/12))*0.5)+0.5),((P87/15)*0.5)) | R87: 1 | S87: 0 | T87: 0 | U87: =IFERROR(T87/S87, 1) | V87: 0 | W87: =5*((O87*0.3)+(Q87*0.175)+(R87*0.175)+(U87*0.175)+((1-V87)*0.175))
A88: 46073 | B88: 23 | C88: Mateo | D88: Teval, the Balanced Scale | E88: 2 | F88: 1 | G88: 1 | H88: 5 | I88: 3 | J88: =F88-(1/H88) | K88: =((I88-((H88-1)/H88))-(-5/6))/((5-(5/6))-(-5/6)) | L88: =E88-((E89+E90+E91+E92)/4) | M88: =0.5 + (L88 * 0.09) | N88: =((H88-(G88-1))/H88)*(IF(I88<>0,(I88+H88)/H88,1)) | O88: =(N88-(1/6))/(10/6) | P88: 8 | Q88: =IF(F88=1,(((1-((P88-3)/12))*0.5)+0.5),((P88/15)*0.5)) | R88: 1 | S88: 0 | T88: 0 | U88: =IFERROR(T88/S88, 1) | V88: 0 | W88: =5*((O88*0.3)+(Q88*0.175)+(R88*0.175)+(U88*0.175)+((1-V88)*0.175))
A89: 46073 | B89: 23 | C89: Becca | D89: Aminatou, Veil Piercer | E89: 4 | F89: 0 | G89: 2 | H89: 5 | I89: 0 | J89: =F89-(1/H89) | K89: =((I89-((H89-1)/H89))-(-5/6))/((5-(5/6))-(-5/6)) | L89: =E89-((E88+E90+E91+E92)/4) | M89: =0.5 + (L89 * 0.09) | N89: =((H89-(G89-1))/H89)*(IF(I89<>0,(I89+H89)/H89,1)) | O89: =(N89-(1/6))/(10/6) | P89: 8 | Q89: =IF(F89=1,(((1-((P89-3)/12))*0.5)+0.5),((P89/15)*0.5)) | R89: 0 | S89: 0 | T89: 0 | U89: =IFERROR(T89/S89, 1) | V89: 0 | W89: =5*((O89*0.3)+(Q89*0.175)+(R89*0.175)+(U89*0.175)+((1-V89)*0.175))
A90: 46073 | B90: 23 | C90: Ryan | D90: Kratos, Stoic Father/Atreus, Impulsive Son | E90: 2 | F90: 0 | G90: 3 | H90: 5 | I90: 1 | J90: =F90-(1/H90) | K90: =((I90-((H90-1)/H90))-(-5/6))/((5-(5/6))-(-5/6)) | L90: =E90-((E88+E89+E91+E92)/4) | M90: =0.5 + (L90 * 0.09) | N90: =((H90-(G90-1))/H90)*(IF(I90<>0,(I90+H90)/H90,1)) | O90: =(N90-(1/6))/(10/6) | P90: 7 | Q90: =IF(F90=1,(((1-((P90-3)/12))*0.5)+0.5),((P90/15)*0.5)) | R90: 0 | S90: 1 | T90: 0 | U90: =IFERROR(T90/S90, 1) | V90: 0 | W90: =5*((O90*0.3)+(Q90*0.175)+(R90*0.175)+(U90*0.175)+((1-V90)*0.175))
A91: 46073 | B91: 23 | C91: Manny | D91: Rashmi, Eternities Crafter | E91: 3 | F91: 0 | G91: 4 | H91: 5 | I91: 0 | J91: =F91-(1/H91) | K91: =((I91-((H91-1)/H91))-(-5/6))/((5-(5/6))-(-5/6)) | L91: =E91-((E88+E89+E90+E92)/4) | M91: =0.5 + (L91 * 0.09) | N91: =((H91-(G91-1))/H91)*(IF(I91<>0,(I91+H91)/H91,1)) | O91: =(N91-(1/6))/(10/6) | P91: 6 | Q91: =IF(F91=1,(((1-((P91-3)/12))*0.5)+0.5),((P91/15)*0.5)) | R91: 0 | S91: 1 | T91: 1 | U91: =IFERROR(T91/S91, 1) | V91: 1 | W91: =5*((O91*0.3)+(Q91*0.175)+(R91*0.175)+(U91*0.175)+((1-V91)*0.175))
A92: 46073 | B92: 23 | C92: Red | D92: Cloud, Ex-SOLDIER | E92: 2 | F92: 0 | G92: 5 | H92: 5 | I92: 0 | J92: =F92-(1/H92) | K92: =((I92-((H92-1)/H92))-(-5/6))/((5-(5/6))-(-5/6)) | L92: =E92-((E88+E89+E90+E91)/4) | M92: =0.5 + (L92 * 0.09) | N92: =((H92-(G92-1))/H92)*(IF(I92<>0,(I92+H92)/H92,1)) | O92: =(N92-(1/6))/(10/6) | P92: 6 | Q92: =IF(F92=1,(((1-((P92-3)/12))*0.5)+0.5),((P92/15)*0.5)) | R92: 0 | S92: 1 | T92: 0 | U92: =IFERROR(T92/S92, 1) | V92: 0 | W92: =5*((O92*0.3)+(Q92*0.175)+(R92*0.175)+(U92*0.175)+((1-V92)*0.175))
A93: 46076 | B93: 24 | C93: Mateo | D93: Ureni of the Unwritten | E93: 3 | F93: 1 | G93: 1 | H93: 4 | I93: 3 | J93: =F93-(1/H93) | K93: =((I93-((H93-1)/H93))-(-5/6))/((5-(5/6))-(-5/6)) | L93: =E93-((E94+E95+E96)/3) | M93: =0.5 + (L93 * 0.09) | N93: =((H93-(G93-1))/H93)*(IF(I93<>0,(I93+H93)/H93,1)) | O93: =(N93-(1/6))/(10/6) | P93: 8 | Q93: =IF(F93=1,(((1-((P93-3)/12))*0.5)+0.5),((P93/15)*0.5)) | R93: 1 | S93: 0 | T93: 0 | U93: =IFERROR(T93/S93, 1) | V93: 0 | W93: =5*((O93*0.3)+(Q93*0.175)+(R93*0.175)+(U93*0.175)+((1-V93)*0.175))
A94: 46076 | B94: 24 | C94: Ryan | D94: Kratos, Stoic Father/Atreus, Impulsive Son | E94: 2 | F94: 0 | G94: 2 | H94: 4 | I94: 0 | J94: =F94-(1/H94) | K94: =((I94-((H94-1)/H94))-(-5/6))/((5-(5/6))-(-5/6)) | L94: =E94-((E93+E95+E96)/3) | M94: =0.5 + (L94 * 0.09) | N94: =((H94-(G94-1))/H94)*(IF(I94<>0,(I94+H94)/H94,1)) | O94: =(N94-(1/6))/(10/6) | P94: 8 | Q94: =IF(F94=1,(((1-((P94-3)/12))*0.5)+0.5),((P94/15)*0.5)) | R94: 1 | S94: 2 | T94: 1 | U94: =IFERROR(T94/S94, 1) | V94: 0 | W94: =5*((O94*0.3)+(Q94*0.175)+(R94*0.175)+(U94*0.175)+((1-V94)*0.175))
A95: 46076 | B95: 24 | C95: Joseph | D95: Ultima, Origin of Oblivion | E95: 3 | F95: 0 | G95: 3 | H95: 4 | I95: 0 | J95: =F95-(1/H95) | K95: =((I95-((H95-1)/H95))-(-5/6))/((5-(5/6))-(-5/6)) | L95: =E95-((E93+E94+E96)/3) | M95: =0.5 + (L95 * 0.09) | N95: =((H95-(G95-1))/H95)*(IF(I95<>0,(I95+H95)/H95,1)) | O95: =(N95-(1/6))/(10/6) | P95: 7 | Q95: =IF(F95=1,(((1-((P95-3)/12))*0.5)+0.5),((P95/15)*0.5)) | R95: 1 | S95: 1 | T95: 0 | U95: =IFERROR(T95/S95, 1) | V95: 0 | W95: =5*((O95*0.3)+(Q95*0.175)+(R95*0.175)+(U95*0.175)+((1-V95)*0.175))
A96: 46076 | B96: 24 | C96: Manny | D96: Frodo, Adventurous Hobbit/Sam, Loyal Attendant | E96: 4 | F96: 0 | G96: 3 | H96: 4 | I96: 0 | J96: =F96-(1/H96) | K96: =((I96-((H96-1)/H96))-(-5/6))/((5-(5/6))-(-5/6)) | L96: =E96-((E93+E94+E95)/3) | M96: =0.5 + (L96 * 0.09) | N96: =((H96-(G96-1))/H96)*(IF(I96<>0,(I96+H96)/H96,1)) | O96: =(N96-(1/6))/(10/6) | P96: 7 | Q96: =IF(F96=1,(((1-((P96-3)/12))*0.5)+0.5),((P96/15)*0.5)) | R96: 0 | S96: 0 | T96: 0 | U96: =IFERROR(T96/S96, 1) | V96: 0 | W96: =5*((O96*0.3)+(Q96*0.175)+(R96*0.175)+(U96*0.175)+((1-V96)*0.175))
A97: 46080 | B97: 25 | C97: Joseph | D97: Hei Bai, Forest Guardian | E97: 3 | F97: 1 | G97: 1 | H97: 5 | I97: 1 | J97: =F97-(1/H97) | K97: =((I97-((H97-1)/H97))-(-5/6))/((5-(5/6))-(-5/6)) | L97: =E97-((E98+E99+E100+E101)/4) | M97: =0.5 + (L97 * 0.09) | N97: =((H97-(G97-1))/H97)*(IF(I97<>0,(I97+H97)/H97,1)) | O97: =(N97-(1/6))/(10/6) | P97: 10 | Q97: =IF(F97=1,(((1-((P97-3)/12))*0.5)+0.5),((P97/15)*0.5)) | R97: 1 | S97: 1 | T97: 0 | U97: =IFERROR(T97/S97, 1) | V97: 0 | W97: =5*((O97*0.3)+(Q97*0.175)+(R97*0.175)+(U97*0.175)+((1-V97)*0.175))
A98: 46080 | B98: 25 | C98: Ryan | D98: Eowyn, Shieldmaiden | E98: 2 | F98: 0 | G98: 2 | H98: 5 | I98: 2 | J98: =F98-(1/H98) | K98: =((I98-((H98-1)/H98))-(-5/6))/((5-(5/6))-(-5/6)) | L98: =E98-((E97+E99+E100+E101)/4) | M98: =0.5 + (L98 * 0.09) | N98: =((H98-(G98-1))/H98)*(IF(I98<>0,(I98+H98)/H98,1)) | O98: =(N98-(1/6))/(10/6) | P98: 10 | Q98: =IF(F98=1,(((1-((P98-3)/12))*0.5)+0.5),((P98/15)*0.5)) | R98: 0 | S98: 1 | T98: 1 | U98: =IFERROR(T98/S98, 1) | V98: 1 | W98: =5*((O98*0.3)+(Q98*0.175)+(R98*0.175)+(U98*0.175)+((1-V98)*0.175))
A99: 46080 | B99: 25 | C99: Mateo | D99: Fire Lord Azula | E99: 3 | F99: 0 | G99: 3 | H99: 5 | I99: 0 | J99: =F99-(1/H99) | K99: =((I99-((H99-1)/H99))-(-5/6))/((5-(5/6))-(-5/6)) | L99: =E99-((E97+E98+E100+E101)/4) | M99: =0.5 + (L99 * 0.09) | N99: =((H99-(G99-1))/H99)*(IF(I99<>0,(I99+H99)/H99,1)) | O99: =(N99-(1/6))/(10/6) | P99: 9 | Q99: =IF(F99=1,(((1-((P99-3)/12))*0.5)+0.5),((P99/15)*0.5)) | R99: 0 | S99: 2 | T99: 1 | U99: =IFERROR(T99/S99, 1) | V99: 0 | W99: =5*((O99*0.3)+(Q99*0.175)+(R99*0.175)+(U99*0.175)+((1-V99)*0.175))
A100: 46080 | B100: 25 | C100: Manny | D100: Vayne Carudas Solidor | E100: 2 | F100: 0 | G100: 4 | H100: 5 | I100: 0 | J100: =F100-(1/H100) | K100: =((I100-((H100-1)/H100))-(-5/6))/((5-(5/6))-(-5/6)) | L100: =E100-((E97+E98+E99+E101)/4) | M100: =0.5 + (L100 * 0.09) | N100: =((H100-(G100-1))/H100)*(IF(I100<>0,(I100+H100)/H100,1)) | O100: =(N100-(1/6))/(10/6) | P100: 8 | Q100: =IF(F100=1,(((1-((P100-3)/12))*0.5)+0.5),((P100/15)*0.5)) | R100: 1 | S100: 2 | T100: 1 | U100: =IFERROR(T100/S100, 1) | V100: 1 | W100: =5*((O100*0.3)+(Q100*0.175)+(R100*0.175)+(U100*0.175)+((1-V100)*0.175))
...

Sheet Game Log Season 2
A1: Base Game Info | F1: Player Score | P1: Turn of Victory/Loss | R1: Pop-Off | S1: Deck Resilience | V1: Games Clearly Behind | W1: Game Calculated Deck Strength
A2: Game Date | B2: Game # | C2: Player Name | D2: Commander | E2: Commander Strength | F2: Game Result | G2: Place | H2: Pod Size | I2: Knockouts | J2: Adjusted Pod Size Win/Loss Score | K2: Knockout Score | L2: Deck Strength Comparison Differential | M2: Win Probability based on Deck Strength | N2: Player Score | O2: Normalized Player Score | P2: TOV | Q2: Normalized TOV | R2: Pop-Off | S2: Disruptions | T2: Successful Recoveries | U2: Deck Resilience Score | V2: Games Clearly Behind | W2: Current Deck Bracket | X2: Game Calculated Deck Strength
A3: 46114 | B3: 1 | C3: Becca | D3: Ms. Bumbleflower | E3: 2 | F3: 1 | G3: 1 | H3: 5 | I3: 1 | J3: =F3-(1/H3) | K3: =((I3-((H3-1)/H3))-(-5/6))/((5-(5/6))-(-5/6)) | L3: =E3-((E4+E5+E6+E7)/4) | M3: =0.5 + (L3 * 0.09) | N3: =((H3-(G3-1))/H3)*(IF(I3<>0,(I3+H3)/H3,1)) | O3: =(N3-(1/6))/(10/6) | P3: 12 | Q3: =IF(F3=1,(((1-((P3-3)/15))*0.5)+0.5),((P3/18)*0.5)) | R3: 0 | S3: 0 | T3: 0 | U3: =IFERROR(T3/S3, 1) | V3: 0 | W3: 2 | X3: =((O3*0.3)+(Q3*0.175)+(R3*0.175)+(U3*0.175)+((1-V3)*0.175))+W3
A4: 46114 | B4: 1 | C4: Mateo | D4: High Perfect Morcant | E4: 2 | F4: 0 | G4: 2 | H4: 5 | I4: 1 | J4: =F4-(1/H4) | K4: =((I4-((H4-1)/H4))-(-5/6))/((5-(5/6))-(-5/6)) | L4: =E4-((E3+E5+E6+E7)/4) | M4: =0.5 + (L4 * 0.09) | N4: =((H4-(G4-1))/H4)*(IF(I4<>0,(I4+H4)/H4,1)) | O4: =(N4-(1/6))/(10/6) | P4: 12 | Q4: =IF(F4=1,(((1-((P4-3)/15))*0.5)+0.5),((P4/18)*0.5)) | R4: 0 | S4: 2 | T4: 0 | U4: =IFERROR(T4/S4, 1) | V4: 0 | W4: 2 | X4: =((O4*0.3)+(Q4*0.175)+(R4*0.175)+(U4*0.175)+((1-V4)*0.175))+W4
A5: 46114 | B5: 1 | C5: Manny | D5: Galadriel, Light of Valinor | E5: 3 | F5: 0 | G5: 3 | H5: 5 | I5: 1 | J5: =F5-(1/H5) | K5: =((I5-((H5-1)/H5))-(-5/6))/((5-(5/6))-(-5/6)) | L5: =E5-((E3+E4+E6+E7)/4) | M5: =0.5 + (L5 * 0.09) | N5: =((H5-(G5-1))/H5)*(IF(I5<>0,(I5+H5)/H5,1)) | O5: =(N5-(1/6))/(10/6) | P5: 11 | Q5: =IF(F5=1,(((1-((P5-3)/15))*0.5)+0.5),((P5/18)*0.5)) | R5: 1 | S5: 0 | T5: 0 | U5: =IFERROR(T5/S5, 1) | V5: 0 | W5: 3 | X5: =((O5*0.3)+(Q5*0.175)+(R5*0.175)+(U5*0.175)+((1-V5)*0.175))+W5
A6: 46114 | B6: 1 | C6: Ryan | D6: Eowyn, Shieldmaiden | E6: 3 | F6: 0 | G6: 4 | H6: 5 | I6: 1 | J6: =F6-(1/H6) | K6: =((I6-((H6-1)/H6))-(-5/6))/((5-(5/6))-(-5/6)) | L6: =E6-((E3+E4+E5+E7)/4) | M6: =0.5 + (L6 * 0.09) | N6: =((H6-(G6-1))/H6)*(IF(I6<>0,(I6+H6)/H6,1)) | O6: =(N6-(1/6))/(10/6) | P6: 9 | Q6: =IF(F6=1,(((1-((P6-3)/15))*0.5)+0.5),((P6/18)*0.5)) | R6: 1 | S6: 1 | T6: 1 | U6: =IFERROR(T6/S6, 1) | V6: 0 | W6: 3 | X6: =((O6*0.3)+(Q6*0.175)+(R6*0.175)+(U6*0.175)+((1-V6)*0.175))+W6
A7: 46114 | B7: 1 | C7: Kristy | D7: Edgar Markov | E7: 3 | F7: 0 | G7: 5 | H7: 5 | I7: 0 | J7: =F7-(1/H7) | K7: =((I7-((H7-1)/H7))-(-5/6))/((5-(5/6))-(-5/6)) | L7: =E7-((E3+E4+E5+E6)/4) | M7: =0.5 + (L7 * 0.09) | N7: =((H7-(G7-1))/H7)*(IF(I7<>0,(I7+H7)/H7,1)) | O7: =(N7-(1/6))/(10/6) | P7: 7 | Q7: =IF(F7=1,(((1-((P7-3)/15))*0.5)+0.5),((P7/18)*0.5)) | R7: 1 | S7: 0 | T7: 0 | U7: =IFERROR(T7/S7, 1) | V7: 0 | W7: 4 | X7: =((O7*0.3)+(Q7*0.175)+(R7*0.175)+(U7*0.175)+((1-V7)*0.175))+W7
A8: 46115 | B8: 2 | C8: Ryan | D8: Ashling, The Limitless | E8: 3 | F8: 1 | G8: 1 | H8: 6 | I8: 1 | J8: =F8-(1/H8) | K8: =((I8-((H8-1)/H8))-(-5/6))/((5-(5/6))-(-5/6)) | L8: =E8-((E9+E10+E11+E12+E13)/5) | M8: =0.5 + (L8 * 0.09) | N8: =((H8-(G8-1))/H8)*(IF(I8<>0,(I8+H8)/H8,1)) | O8: =(N8-(1/6))/(10/6) | P8: 13 | Q8: =IF(F8=1,(((1-((P8-3)/15))*0.5)+0.5),((P8/18)*0.5)) | R8: 1 | S8: 1 | T8: 0 | U8: =IFERROR(T8/S8, 1) | V8: 0 | W8: 3 | X8: =((O8*0.3)+(Q8*0.175)+(R8*0.175)+(U8*0.175)+((1-V8)*0.175))+W8
A9: 46115 | B9: 2 | C9: Mateo | D9: Leonardo, the Balance/Michelangelo, the Heart | E9: 2 | F9: 0 | G9: 2 | H9: 6 | I9: 4 | J9: =F9-(1/H9) | K9: =((I9-((H9-1)/H9))-(-5/6))/((5-(5/6))-(-5/6)) | L9: =E9-((E8+E10+E11+E12+E13)/5) | M9: =0.5 + (L9 * 0.09) | N9: =((H9-(G9-1))/H9)*(IF(I9<>0,(I9+H9)/H9,1)) | O9: =(N9-(1/6))/(10/6) | P9: 13 | Q9: =IF(F9=1,(((1-((P9-3)/15))*0.5)+0.5),((P9/18)*0.5)) | R9: 1 | S9: 1 | T9: 0 | U9: =IFERROR(T9/S9, 1) | V9: 0 | W9: 2 | X9: =((O9*0.3)+(Q9*0.175)+(R9*0.175)+(U9*0.175)+((1-V9)*0.175))+W9
A10: 46115 | B10: 2 | C10: Joseph | D10: Valgavoth, Harrower of Souls | E10: 3 | F10: 0 | G10: 3 | H10: 6 | I10: 0 | J10: =F10-(1/H10) | K10: =((I10-((H10-1)/H10))-(-5/6))/((5-(5/6))-(-5/6)) | L10: =E10-((E8+E9+E11+E12+E13)/5) | M10: =0.5 + (L10 * 0.09) | N10: =((H10-(G10-1))/H10)*(IF(I10<>0,(I10+H10)/H10,1)) | O10: =(N10-(1/6))/(10/6) | P10: 12 | Q10: =IF(F10=1,(((1-((P10-3)/15))*0.5)+0.5),((P10/18)*0.5)) | R10: 0 | S10: 2 | T10: 1 | U10: =IFERROR(T10/S10, 1) | V10: 1 | W10: 3 | X10: =((O10*0.3)+(Q10*0.175)+(R10*0.175)+(U10*0.175)+((1-V10)*0.175))+W10
A11: 46115 | B11: 2 | C11: Red | D11: Cloud, Ex-SOLDIER | E11: 2 | F11: 0 | G11: 3 | H11: 6 | I11: 0 | J11: =F11-(1/H11) | K11: =((I11-((H11-1)/H11))-(-5/6))/((5-(5/6))-(-5/6)) | L11: =E11-((E8+E9+E10+E12+E13)/5) | M11: =0.5 + (L11 * 0.09) | N11: =((H11-(G11-1))/H11)*(IF(I11<>0,(I11+H11)/H11,1)) | O11: =(N11-(1/6))/(10/6) | P11: 12 | Q11: =IF(F11=1,(((1-((P11-3)/15))*0.5)+0.5),((P11/18)*0.5)) | R11: 0 | S11: 0 | T11: 0 | U11: =IFERROR(T11/S11, 1) | V11: 1 | W11: 2 | X11: =((O11*0.3)+(Q11*0.175)+(R11*0.175)+(U11*0.175)+((1-V11)*0.175))+W11
A12: 46115 | B12: 2 | C12: Kristy | D12: Edgar Markov | E12: 3 | F12: 0 | G12: 5 | H12: 6 | I12: 0 | J12: =F12-(1/H12) | K12: =((I12-((H12-1)/H12))-(-5/6))/((5-(5/6))-(-5/6)) | L12: =E12-((E8+E9+E10+E11+E13)/5) | M12: =0.5 + (L12 * 0.09) | N12: =((H12-(G12-1))/H12)*(IF(I12<>0,(I12+H12)/H12,1)) | O12: =(N12-(1/6))/(10/6) | P12: 11 | Q12: =IF(F12=1,(((1-((P12-3)/15))*0.5)+0.5),((P12/18)*0.5)) | R12: 1 | S12: 0 | T12: 0 | U12: =IFERROR(T12/S12, 1) | V12: 0 | W12: 4 | X12: =((O12*0.3)+(Q12*0.175)+(R12*0.175)+(U12*0.175)+((1-V12)*0.175))+W12
A13: 46115 | B13: 2 | C13: Manny | D13: Atraxa, Praetor's Voice | E13: 3 | F13: 0 | G13: 6 | H13: 6 | I13: 0 | J13: =F13-(1/H13) | K13: =((I13-((H13-1)/H13))-(-5/6))/((5-(5/6))-(-5/6)) | L13: =E13-((E8+E9+E10+E11+E12)/5) | M13: =0.5 + (L13 * 0.09) | N13: =((H13-(G13-1))/H13)*(IF(I13<>0,(I13+H13)/H13,1)) | O13: =(N13-(1/6))/(10/6) | P13: 11 | Q13: =IF(F13=1,(((1-((P13-3)/15))*0.5)+0.5),((P13/18)*0.5)) | R13: 1 | S13: 0 | T13: 0 | U13: =IFERROR(T13/S13, 1) | V13: 0 | W13: 3 | X13: =((O13*0.3)+(Q13*0.175)+(R13*0.175)+(U13*0.175)+((1-V13)*0.175))+W13
A14: 46122 | B14: 3 | C14: Mateo | D14: Zurgo Stormrender | E14: 3 | F14: 1 | G14: 1 | H14: 3 | I14: 2 | J14: =F14-(1/H14) | K14: =((I14-((H14-1)/H14))-(-5/6))/((5-(5/6))-(-5/6)) | L14: =E14-((E15+E16)/2) | M14: =0.5 + (L14 * 0.09) | N14: =((H14-(G14-1))/H14)*(IF(I14<>0,(I14+H14)/H14,1)) | O14: =(N14-(1/6))/(10/6) | P14: 9 | Q14: =IF(F14=1,(((1-((P14-3)/15))*0.5)+0.5),((P14/18)*0.5)) | R14: 1 | S14: 1 | T14: 1 | U14: =IFERROR(T14/S14, 1) | V14: 0 | W14: 3 | X14: =((O14*0.3)+(Q14*0.175)+(R14*0.175)+(U14*0.175)+((1-V14)*0.175))+W14
A15: 46122 | B15: 3 | C15: Becca | D15: Aminatou, Veil Piercer | E15: 3 | F15: 0 | G15: 2 | H15: 3 | I15: 0 | J15: =F15-(1/H15) | K15: =((I15-((H15-1)/H15))-(-5/6))/((5-(5/6))-(-5/6)) | L15: =E15-((E14+E16)/2) | M15: =0.5 + (L15 * 0.09) | N15: =((H15-(G15-1))/H15)*(IF(I15<>0,(I15+H15)/H15,1)) | O15: =(N15-(1/6))/(10/6) | P15: 9 | Q15: =IF(F15=1,(((1-((P15-3)/15))*0.5)+0.5),((P15/18)*0.5)) | R15: 1 | S15: 0 | T15: 0 | U15: =IFERROR(T15/S15, 1) | V15: 0 | W15: 4 | X15: =((O15*0.3)+(Q15*0.175)+(R15*0.175)+(U15*0.175)+((1-V15)*0.175))+W15
A16: 46122 | B16: 3 | C16: Ryan | D16: Kratos, Stoic Father/Atreus, Impulsive Son | E16: 2 | F16: 0 | G16: 3 | H16: 3 | I16: 0 | J16: =F16-(1/H16) | K16: =((I16-((H16-1)/H16))-(-5/6))/((5-(5/6))-(-5/6)) | L16: =E16-((E14+E15)/2) | M16: =0.5 + (L16 * 0.09) | N16: =((H16-(G16-1))/H16)*(IF(I16<>0,(I16+H16)/H16,1)) | O16: =(N16-(1/6))/(10/6) | P16: 8 | Q16: =IF(F16=1,(((1-((P16-3)/15))*0.5)+0.5),((P16/18)*0.5)) | R16: 1 | S16: 0 | T16: 0 | U16: =IFERROR(T16/S16, 1) | V16: 0 | W16: 2 | X16: =((O16*0.3)+(Q16*0.175)+(R16*0.175)+(U16*0.175)+((1-V16)*0.175))+W16
A17: 46122 | B17: 4 | C17: Ryan | D17: Cloud, Ex-SOLDIER | E17: 3 | F17: 1 | G17: 1 | H17: 3 | I17: 2 | J17: =F17-(1/H17) | K17: =((I17-((H17-1)/H17))-(-5/6))/((5-(5/6))-(-5/6)) | L17: =E17-((E18+E19)/2) | M17: =0.5 + (L17 * 0.09) | N17: =((H17-(G17-1))/H17)*(IF(I17<>0,(I17+H17)/H17,1)) | O17: =(N17-(1/6))/(10/6) | P17: 12 | Q17: =IF(F17=1,(((1-((P17-3)/15))*0.5)+0.5),((P17/18)*0.5)) | R17: 1 | S17: 0 | T17: 0 | U17: =IFERROR(T17/S17, 1) | V17: 0 | W17: 3 | X17: =((O17*0.3)+(Q17*0.175)+(R17*0.175)+(U17*0.175)+((1-V17)*0.175))+W17
A18: 46122 | B18: 4 | C18: Becca | D18: Ms. Bumbleflower | E18: 2.6 | F18: 0 | G18: 2 | H18: 3 | I18: 0 | J18: =F18-(1/H18) | K18: =((I18-((H18-1)/H18))-(-5/6))/((5-(5/6))-(-5/6)) | L18: =E18-((E17+E19)/2) | M18: =0.5 + (L18 * 0.09) | N18: =((H18-(G18-1))/H18)*(IF(I18<>0,(I18+H18)/H18,1)) | O18: =(N18-(1/6))/(10/6) | P18: 12 | Q18: =IF(F18=1,(((1-((P18-3)/15))*0.5)+0.5),((P18/18)*0.5)) | R18: 0 | S18: 1 | T18: 0 | U18: =IFERROR(T18/S18, 1) | V18: 0 | W18: 2 | X18: =((O18*0.3)+(Q18*0.175)+(R18*0.175)+(U18*0.175)+((1-V18)*0.175))+W18
A19: 46122 | B19: 4 | C19: Mateo | D19: Fire Lord Azula | E19: 2 | F19: 0 | G19: 3 | H19: 3 | I19: 0 | J19: =F19-(1/H19) | K19: =((I19-((H19-1)/H19))-(-5/6))/((5-(5/6))-(-5/6)) | L19: =E19-((E17+E18)/2) | M19: =0.5 + (L19 * 0.09) | N19: =((H19-(G19-1))/H19)*(IF(I19<>0,(I19+H19)/H19,1)) | O19: =(N19-(1/6))/(10/6) | P19: 8 | Q19: =IF(F19=1,(((1-((P19-3)/15))*0.5)+0.5),((P19/18)*0.5)) | R19: 1 | S19: 1 | T19: 0 | U19: =IFERROR(T19/S19, 1) | V19: 0 | W19: 3 | X19: =((O19*0.3)+(Q19*0.175)+(R19*0.175)+(U19*0.175)+((1-V19)*0.175))+W19
A20: 46129 | B20: 5 | C20: Mateo | D20: Quintorius, History Chaser | E20: 2 | F20: 1 | G20: 1 | H20: 6 | I20: 4 | J20: =F20-(1/H20) | K20: =((I20-((H20-1)/H20))-(-5/6))/((5-(5/6))-(-5/6)) | L20: =E20-((E21+E22+E23+E24+E25)/5) | M20: =0.5 + (L20 * 0.09) | N20: =((H20-(G20-1))/H20)*(IF(I20<>0,(I20+H20)/H20,1)) | O20: =(N20-(1/6))/(10/6) | P20: 8 | Q20: =IF(F20=1,(((1-((P20-3)/15))*0.5)+0.5),((P20/18)*0.5)) | R20: 1 | S20: 0 | T20: 0 | U20: =IFERROR(T20/S20, 1) | V20: 0 | W20: 2 | X20: =((O20*0.3)+(Q20*0.175)+(R20*0.175)+(U20*0.175)+((1-V20)*0.175))+W20
A21: 46129 | B21: 5 | C21: Becca | D21: Killian, Decisive Mentor | E21: 2 | F21: 0 | G21: 2 | H21: 6 | I21: 0 | J21: =F21-(1/H21) | K21: =((I21-((H21-1)/H21))-(-5/6))/((5-(5/6))-(-5/6)) | L21: =E21-((E20+E22+E23+E24+E25)/5) | M21: =0.5 + (L21 * 0.09) | N21: =((H21-(G21-1))/H21)*(IF(I21<>0,(I21+H21)/H21,1)) | O21: =(N21-(1/6))/(10/6) | P21: 8 | Q21: =IF(F21=1,(((1-((P21-3)/15))*0.5)+0.5),((P21/18)*0.5)) | R21: 1 | S21: 1 | T21: 0 | U21: =IFERROR(T21/S21, 1) | V21: 0 | W21: 2 | X21: =((O21*0.3)+(Q21*0.175)+(R21*0.175)+(U21*0.175)+((1-V21)*0.175))+W21
A22: 46129 | B22: 5 | C22: Kristy | D22: Auntie Ool, Cursewretch | E22: 3 | F22: 0 | G22: 2 | H22: 6 | I22: 0 | J22: =F22-(1/H22) | K22: =((I22-((H22-1)/H22))-(-5/6))/((5-(5/6))-(-5/6)) | L22: =E22-((E20+E21+E23+E24+E25)/5) | M22: =0.5 + (L22 * 0.09) | N22: =((H22-(G22-1))/H22)*(IF(I22<>0,(I22+H22)/H22,1)) | O22: =(N22-(1/6))/(10/6) | P22: 8 | Q22: =IF(F22=1,(((1-((P22-3)/15))*0.5)+0.5),((P22/18)*0.5)) | R22: 0 | S22: 1 | T22: 0 | U22: =IFERROR(T22/S22, 1) | V22: 0 | W22: 4 | X22: =((O22*0.3)+(Q22*0.175)+(R22*0.175)+(U22*0.175)+((1-V22)*0.175))+W22
A23: 46129 | B23: 5 | C23: Joseph | D23: Zimone, Infinite Analyst | E23: 2 | F23: 0 | G23: 2 | H23: 6 | I23: 0 | J23: =F23-(1/H23) | K23: =((I23-((H23-1)/H23))-(-5/6))/((5-(5/6))-(-5/6)) | L23: =E23-((E20+E21+E22+E24+E25)/5) | M23: =0.5 + (L23 * 0.09) | N23: =((H23-(G23-1))/H23)*(IF(I23<>0,(I23+H23)/H23,1)) | O23: =(N23-(1/6))/(10/6) | P23: 8 | Q23: =IF(F23=1,(((1-((P23-3)/15))*0.5)+0.5),((P23/18)*0.5)) | R23: 0 | S23: 1 | T23: 0 | U23: =IFERROR(T23/S23, 1) | V23: 1 | W23: 2 | X23: =((O23*0.3)+(Q23*0.175)+(R23*0.175)+(U23*0.175)+((1-V23)*0.175))+W23
A24: 46129 | B24: 5 | C24: Ryan | D24: Ashling, The Limitless | E24: 3.6 | F24: 0 | G24: 5 | H24: 6 | I24: 0 | J24: =F24-(1/H24) | K24: =((I24-((H24-1)/H24))-(-5/6))/((5-(5/6))-(-5/6)) | L24: =E24-((E20+E21+E22+E23+E25)/5) | M24: =0.5 + (L24 * 0.09) | N24: =((H24-(G24-1))/H24)*(IF(I24<>0,(I24+H24)/H24,1)) | O24: =(N24-(1/6))/(10/6) | P24: 7 | Q24: =IF(F24=1,(((1-((P24-3)/15))*0.5)+0.5),((P24/18)*0.5)) | R24: 1 | S24: 1 | T24: 0 | U24: =IFERROR(T24/S24, 1) | V24: 0 | W24: 3 | X24: =((O24*0.3)+(Q24*0.175)+(R24*0.175)+(U24*0.175)+((1-V24)*0.175))+W24
A25: 46129 | B25: 5 | C25: Michelle | D25: The Wise Mothman | E25: 2 | F25: 0 | G25: 6 | H25: 6 | I25: 0 | J25: =F25-(1/H25) | K25: =((I25-((H25-1)/H25))-(-5/6))/((5-(5/6))-(-5/6)) | L25: =E25-((E20+E21+E22+E23+E24)/5) | M25: =0.5 + (L25 * 0.09) | N25: =((H25-(G25-1))/H25)*(IF(I25<>0,(I25+H25)/H25,1)) | O25: =(N25-(1/6))/(10/6) | P25: 5 | Q25: =IF(F25=1,(((1-((P25-3)/15))*0.5)+0.5),((P25/18)*0.5)) | R25: 0 | S25: 0 | T25: 0 | U25: =IFERROR(T25/S25, 1) | V25: 0 | W25: 2 | X25: =((O25*0.3)+(Q25*0.175)+(R25*0.175)+(U25*0.175)+((1-V25)*0.175))+W25
A26: 46129 | B26: 6 | C26: Mateo | D26: Auntie Ool, Cursewretch | E26: 3 | F26: 1 | G26: 1 | H26: 5 | I26: 3 | J26: =F26-(1/H26) | K26: =((I26-((H26-1)/H26))-(-5/6))/((5-(5/6))-(-5/6)) | L26: =E26-((E27+E28+E29+E30)/4) | M26: =0.5 + (L26 * 0.09) | N26: =((H26-(G26-1))/H26)*(IF(I26<>0,(I26+H26)/H26,1)) | O26: =(N26-(1/6))/(10/6) | P26: 11 | Q26: =IF(F26=1,(((1-((P26-3)/15))*0.5)+0.5),((P26/18)*0.5)) | R26: 1 | S26: 1 | T26: 1 | U26: =IFERROR(T26/S26, 1) | V26: 0 | W26: 4 | X26: =((O26*0.3)+(Q26*0.175)+(R26*0.175)+(U26*0.175)+((1-V26)*0.175))+W26
A27: 46129 | B27: 6 | C27: Ryan | D27: Fire Lord Zuko | E27: 3 | F27: 0 | G27: 2 | H27: 5 | I27: 0 | J27: =F27-(1/H27) | K27: =((I27-((H27-1)/H27))-(-5/6))/((5-(5/6))-(-5/6)) | L27: =E27-((E26+E28+E29+E30)/4) | M27: =0.5 + (L27 * 0.09) | N27: =((H27-(G27-1))/H27)*(IF(I27<>0,(I27+H27)/H27,1)) | O27: =(N27-(1/6))/(10/6) | P27: 11 | Q27: =IF(F27=1,(((1-((P27-3)/15))*0.5)+0.5),((P27/18)*0.5)) | R27: 0 | S27: 2 | T27: 1 | U27: =IFERROR(T27/S27, 1) | V27: 1 | W27: 3 | X27: =((O27*0.3)+(Q27*0.175)+(R27*0.175)+(U27*0.175)+((1-V27)*0.175))+W27
A28: 46129 | B28: 6 | C28: Becca | D28: Killian, Decisive Mentor | E28: 2.5 | F28: 0 | G28: 2 | H28: 5 | I28: 0 | J28: =F28-(1/H28) | K28: =((I28-((H28-1)/H28))-(-5/6))/((5-(5/6))-(-5/6)) | L28: =E28-((E26+E27+E29+E30)/4) | M28: =0.5 + (L28 * 0.09) | N28: =((H28-(G28-1))/H28)*(IF(I28<>0,(I28+H28)/H28,1)) | O28: =(N28-(1/6))/(10/6) | P28: 11 | Q28: =IF(F28=1,(((1-((P28-3)/15))*0.5)+0.5),((P28/18)*0.5)) | R28: 1 | S28: 1 | T28: 1 | U28: =IFERROR(T28/S28, 1) | V28: 0 | W28: 2 | X28: =((O28*0.3)+(Q28*0.175)+(R28*0.175)+(U28*0.175)+((1-V28)*0.175))+W28
A29: 46129 | B29: 6 | C29: Joseph | D29: Super Shredder | E29: 2 | F29: 0 | G29: 4 | H29: 5 | I29: 0 | J29: =F29-(1/H29) | K29: =((I29-((H29-1)/H29))-(-5/6))/((5-(5/6))-(-5/6)) | L29: =E29-((E26+E27+E28+E30)/4) | M29: =0.5 + (L29 * 0.09) | N29: =((H29-(G29-1))/H29)*(IF(I29<>0,(I29+H29)/H29,1)) | O29: =(N29-(1/6))/(10/6) | P29: 9 | Q29: =IF(F29=1,(((1-((P29-3)/15))*0.5)+0.5),((P29/18)*0.5)) | R29: 1 | S29: 1 | T29: 0 | U29: =IFERROR(T29/S29, 1) | V29: 0 | W29: 2 | X29: =((O29*0.3)+(Q29*0.175)+(R29*0.175)+(U29*0.175)+((1-V29)*0.175))+W29
A30: 46129 | B30: 6 | C30: Kristy | D30: Dina, Essence Brewer | E30: 2 | F30: 0 | G30: 5 | H30: 5 | I30: 0 | J30: =F30-(1/H30) | K30: =((I30-((H30-1)/H30))-(-5/6))/((5-(5/6))-(-5/6)) | L30: =E30-((E26+E27+E28+E29)/4) | M30: =0.5 + (L30 * 0.09) | N30: =((H30-(G30-1))/H30)*(IF(I30<>0,(I30+H30)/H30,1)) | O30: =(N30-(1/6))/(10/6) | P30: 9 | Q30: =IF(F30=1,(((1-((P30-3)/15))*0.5)+0.5),((P30/18)*0.5)) | R30: 0 | S30: 2 | T30: 0 | U30: =IFERROR(T30/S30, 1) | V30: 0 | W30: 2 | X30: =((O30*0.3)+(Q30*0.175)+(R30*0.175)+(U30*0.175)+((1-V30)*0.175))+W30
A31: 46134 | B31: 7 | C31: Manny | D31: Galadriel, Light of Valinor | E31: 3.7 | F31: 1 | G31: 1 | H31: 4 | I31: 3 | J31: =F31-(1/H31) | K31: =((I31-((H31-1)/H31))-(-5/6))/((5-(5/6))-(-5/6)) | L31: =E31-((E32+E33+E34)/3) | M31: =0.5 + (L31 * 0.09) | N31: =((H31-(G31-1))/H31)*(IF(I31<>0,(I31+H31)/H31,1)) | O31: =(N31-(1/6))/(10/6) | P31: 9 | Q31: =IF(F31=1,(((1-((P31-3)/15))*0.5)+0.5),((P31/18)*0.5)) | R31: 1 | S31: 0 | T31: 0 | U31: =IFERROR(T31/S31, 1) | V31: 0 | W31: 3 | X31: =((O31*0.3)+(Q31*0.175)+(R31*0.175)+(U31*0.175)+((1-V31)*0.175))+W31
A32: 46134 | B32: 7 | C32: Joseph | D32: Zimone, Infinite Analyst | E32: 2.2 | F32: 0 | G32: 2 | H32: 4 | I32: 0 | J32: =F32-(1/H32) | K32: =((I32-((H32-1)/H32))-(-5/6))/((5-(5/6))-(-5/6)) | L32: =E32-((E31+E33+E34)/3) | M32: =0.5 + (L32 * 0.09) | N32: =((H32-(G32-1))/H32)*(IF(I32<>0,(I32+H32)/H32,1)) | O32: =(N32-(1/6))/(10/6) | P32: 9 | Q32: =IF(F32=1,(((1-((P32-3)/15))*0.5)+0.5),((P32/18)*0.5)) | R32: 1 | S32: 0 | T32: 0 | U32: =IFERROR(T32/S32, 1) | V32: 0 | W32: 2 | X32: =((O32*0.3)+(Q32*0.175)+(R32*0.175)+(U32*0.175)+((1-V32)*0.175))+W32
A33: 46134 | B33: 7 | C33: Ryan | D33: Ashling, The Limitless | E33: 3.4 | F33: 0 | G33: 2 | H33: 4 | I33: 0 | J33: =F33-(1/H33) | K33: =((I33-((H33-1)/H33))-(-5/6))/((5-(5/6))-(-5/6)) | L33: =E33-((E31+E32+E34)/3) | M33: =0.5 + (L33 * 0.09) | N33: =((H33-(G33-1))/H33)*(IF(I33<>0,(I33+H33)/H33,1)) | O33: =(N33-(1/6))/(10/6) | P33: 9 | Q33: =IF(F33=1,(((1-((P33-3)/15))*0.5)+0.5),((P33/18)*0.5)) | R33: 1 | S33: 3 | T33: 2 | U33: =IFERROR(T33/S33, 1) | V33: 0 | W33: 3 | X33: =((O33*0.3)+(Q33*0.175)+(R33*0.175)+(U33*0.175)+((1-V33)*0.175))+W33
A34: 46134 | B34: 7 | C34: Kristy | D34: Dina, Essence Brewer | E34: 2.2 | F34: 0 | G34: 4 | H34: 4 | I34: 0 | J34: =F34-(1/H34) | K34: =((I34-((H34-1)/H34))-(-5/6))/((5-(5/6))-(-5/6)) | L34: =E34-((E31+E32+E33)/3) | M34: =0.5 + (L34 * 0.09) | N34: =((H34-(G34-1))/H34)*(IF(I34<>0,(I34+H34)/H34,1)) | O34: =(N34-(1/6))/(10/6) | P34: 8 | Q34: =IF(F34=1,(((1-((P34-3)/15))*0.5)+0.5),((P34/18)*0.5)) | R34: 0 | S34: 1 | T34: 0 | U34: =IFERROR(T34/S34, 1) | V34: 0 | W34: 2 | X34: =((O34*0.3)+(Q34*0.175)+(R34*0.175)+(U34*0.175)+((1-V34)*0.175))+W34
A35: 46143 | B35: 8 | C35: Ryan | D35: Witherbloom, The Balancer | E35: 2 | F35: 1 | G35: 1 | H35: 6 | I35: 3 | J35: =F35-(1/H35) | K35: =((I35-((H35-1)/H35))-(-5/6))/((5-(5/6))-(-5/6)) | L35: =E35-((E36+E37+E38+E39+E40)/5) | M35: =0.5 + (L35 * 0.09) | N35: =((H35-(G35-1))/H35)*(IF(I35<>0,(I35+H35)/H35,1)) | O35: =(N35-(1/6))/(10/6) | P35: 14 | Q35: =IF(F35=1,(((1-((P35-3)/15))*0.5)+0.5),((P35/18)*0.5)) | R35: 1 | S35: 1 | T35: 0 | U35: =IFERROR(T35/S35, 1) | V35: 0 | W35: 2 | X35: =((O35*0.3)+(Q35*0.175)+(R35*0.175)+(U35*0.175)+((1-V35)*0.175))+W35
A36: 46143 | B36: 8 | C36: Mateo | D36: Killian, Decisive Mentor (Becca's) | E36: 2 | F36: 0 | G36: 2 | H36: 6 | I36: 1 | J36: =F36-(1/H36) | K36: =((I36-((H36-1)/H36))-(-5/6))/((5-(5/6))-(-5/6)) | L36: =E36-((E35+E37+E38+E39+E40)/5) | M36: =0.5 + (L36 * 0.09) | N36: =((H36-(G36-1))/H36)*(IF(I36<>0,(I36+H36)/H36,1)) | O36: =(N36-(1/6))/(10/6) | P36: 14 | Q36: =IF(F36=1,(((1-((P36-3)/15))*0.5)+0.5),((P36/18)*0.5)) | R36: 1 | S36: 0 | T36: 0 | U36: =IFERROR(T36/S36, 1) | V36: 0 | W36: 2 | X36: =((O36*0.3)+(Q36*0.175)+(R36*0.175)+(U36*0.175)+((1-V36)*0.175))+W36
A37: 46143 | B37: 8 | C37: Joseph | D37: Super Shredder | E37: 2.4 | F37: 0 | G37: 3 | H37: 6 | I37: 1 | J37: =F37-(1/H37) | K37: =((I37-((H37-1)/H37))-(-5/6))/((5-(5/6))-(-5/6)) | L37: =E37-((E35+E36+E38+E39+E40)/5) | M37: =0.5 + (L37 * 0.09) | N37: =((H37-(G37-1))/H37)*(IF(I37<>0,(I37+H37)/H37,1)) | O37: =(N37-(1/6))/(10/6) | P37: 14 | Q37: =IF(F37=1,(((1-((P37-3)/15))*0.5)+0.5),((P37/18)*0.5)) | R37: 1 | S37: 0 | T37: 0 | U37: =IFERROR(T37/S37, 1) | V37: 0 | W37: 2 | X37: =((O37*0.3)+(Q37*0.175)+(R37*0.175)+(U37*0.175)+((1-V37)*0.175))+W37
A38: 46143 | B38: 8 | C38: Manny | D38: Athreos, God of Passage | E38: 3 | F38: 0 | G38: 4 | H38: 6 | I38: 0 | J38: =F38-(1/H38) | K38: =((I38-((H38-1)/H38))-(-5/6))/((5-(5/6))-(-5/6)) | L38: =E38-((E35+E36+E37+E39+E40)/5) | M38: =0.5 + (L38 * 0.09) | N38: =((H38-(G38-1))/H38)*(IF(I38<>0,(I38+H38)/H38,1)) | O38: =(N38-(1/6))/(10/6) | P38: 11 | Q38: =IF(F38=1,(((1-((P38-3)/15))*0.5)+0.5),((P38/18)*0.5)) | R38: 0 | S38: 0 | T38: 0 | U38: =IFERROR(T38/S38, 1) | V38: 1 | W38: 3 | X38: =((O38*0.3)+(Q38*0.175)+(R38*0.175)+(U38*0.175)+((1-V38)*0.175))+W38
A39: 46143 | B39: 8 | C39: Kristy | D39: Dina, Essence Brewer | E39: 2.2 | F39: 0 | G39: 5 | H39: 6 | I39: 0 | J39: =F39-(1/H39) | K39: =((I39-((H39-1)/H39))-(-5/6))/((5-(5/6))-(-5/6)) | L39: =E39-((E35+E36+E37+E38+E40)/5) | M39: =0.5 + (L39 * 0.09) | N39: =((H39-(G39-1))/H39)*(IF(I39<>0,(I39+H39)/H39,1)) | O39: =(N39-(1/6))/(10/6) | P39: 9 | Q39: =IF(F39=1,(((1-((P39-3)/15))*0.5)+0.5),((P39/18)*0.5)) | R39: 0 | S39: 1 | T39: 0 | U39: =IFERROR(T39/S39, 1) | V39: 0 | W39: 2 | X39: =((O39*0.3)+(Q39*0.175)+(R39*0.175)+(U39*0.175)+((1-V39)*0.175))+W39
A40: 46143 | B40: 8 | C40: Red | D40: Squall, SeeD Mercenary | E40: 3 | F40: 0 | G40: 6 | H40: 6 | I40: 0 | J40: =F40-(1/H40) | K40: =((I40-((H40-1)/H40))-(-5/6))/((5-(5/6))-(-5/6)) | L40: =E40-((E35+E36+E37+E38+E39)/5) | M40: =0.5 + (L40 * 0.09) | N40: =((H40-(G40-1))/H40)*(IF(I40<>0,(I40+H40)/H40,1)) | O40: =(N40-(1/6))/(10/6) | P40: 9 | Q40: =IF(F40=1,(((1-((P40-3)/15))*0.5)+0.5),((P40/18)*0.5)) | R40: 1 | S40: 1 | T40: 1 | U40: =IFERROR(T40/S40, 1) | V40: 0 | W40: 3 | X40: =((O40*0.3)+(Q40*0.175)+(R40*0.175)+(U40*0.175)+((1-V40)*0.175))+W40
A41: 46157 | B41: 9 | C41: Manny | D41: Atraxa, Praetor's Voice | E41: 3.6 | F41: 1 | G41: 1 | H41: 5 | I41: 3 | J41: =F41-(1/H41) | K41: =((I41-((H41-1)/H41))-(-5/6))/((5-(5/6))-(-5/6)) | L41: =E41-((E42+E43+E44+E45)/4) | M41: =0.5 + (L41 * 0.09) | N41: =((H41-(G41-1))/H41)*(IF(I41<>0,(I41+H41)/H41,1)) | O41: =(N41-(1/6))/(10/6) | P41: 18 | Q41: =IF(F41=1,(((1-((P41-3)/15))*0.5)+0.5),((P41/18)*0.5)) | R41: 1 | S41: 2 | T41: 2 | U41: =IFERROR(T41/S41, 1) | V41: 0 | W41: 3 | X41: =((O41*0.3)+(Q41*0.175)+(R41*0.175)+(U41*0.175)+((1-V41)*0.175))+W41
A42: 46157 | B42: 9 | C42: Becca | D42: Killian, Decisive Mentor | E42: 2.7 | F42: 0 | G42: 2 | H42: 5 | I42: 0 | J42: =F42-(1/H42) | K42: =((I42-((H42-1)/H42))-(-5/6))/((5-(5/6))-(-5/6)) | L42: =E42-((E41+E43+E44+E45)/4) | M42: =0.5 + (L42 * 0.09) | N42: =((H42-(G42-1))/H42)*(IF(I42<>0,(I42+H42)/H42,1)) | O42: =(N42-(1/6))/(10/6) | P42: 18 | Q42: =IF(F42=1,(((1-((P42-3)/15))*0.5)+0.5),((P42/18)*0.5)) | R42: 0 | S42: 3 | T42: 2 | U42: =IFERROR(T42/S42, 1) | V42: 0 | W42: 2 | X42: =((O42*0.3)+(Q42*0.175)+(R42*0.175)+(U42*0.175)+((1-V42)*0.175))+W42
A43: 46157 | B43: 9 | C43: Ryan | D43: Fire Lord Zuko | E43: 3.3 | F43: 0 | G43: 3 | H43: 5 | I43: 0 | J43: =F43-(1/H43) | K43: =((I43-((H43-1)/H43))-(-5/6))/((5-(5/6))-(-5/6)) | L43: =E43-((E41+E42+E44+E45)/4) | M43: =0.5 + (L43 * 0.09) | N43: =((H43-(G43-1))/H43)*(IF(I43<>0,(I43+H43)/H43,1)) | O43: =(N43-(1/6))/(10/6) | P43: 14 | Q43: =IF(F43=1,(((1-((P43-3)/15))*0.5)+0.5),((P43/18)*0.5)) | R43: 1 | S43: 2 | T43: 1 | U43: =IFERROR(T43/S43, 1) | V43: 0 | W43: 3 | X43: =((O43*0.3)+(Q43*0.175)+(R43*0.175)+(U43*0.175)+((1-V43)*0.175))+W43
A44: 46157 | B44: 9 | C44: Mateo | D44: Quintorius, History Chaser | E44: 2.9 | F44: 0 | G44: 4 | H44: 5 | I44: 1 | J44: =F44-(1/H44) | K44: =((I44-((H44-1)/H44))-(-5/6))/((5-(5/6))-(-5/6)) | L44: =E44-((E41+E42+E43+E45)/4) | M44: =0.5 + (L44 * 0.09) | N44: =((H44-(G44-1))/H44)*(IF(I44<>0,(I44+H44)/H44,1)) | O44: =(N44-(1/6))/(10/6) | P44: 11 | Q44: =IF(F44=1,(((1-((P44-3)/15))*0.5)+0.5),((P44/18)*0.5)) | R44: 1 | S44: 0 | T44: 0 | U44: =IFERROR(T44/S44, 1) | V44: 0 | W44: 2 | X44: =((O44*0.3)+(Q44*0.175)+(R44*0.175)+(U44*0.175)+((1-V44)*0.175))+W44
A45: 46157 | B45: 9 | C45: Red | D45: Squall, SeeD Mercenary | E45: 3.6 | F45: 0 | G45: 5 | H45: 5 | I45: 0 | J45: =F45-(1/H45) | K45: =((I45-((H45-1)/H45))-(-5/6))/((5-(5/6))-(-5/6)) | L45: =E45-((E41+E42+E43+E44)/4) | M45: =0.5 + (L45 * 0.09) | N45: =((H45-(G45-1))/H45)*(IF(I45<>0,(I45+H45)/H45,1)) | O45: =(N45-(1/6))/(10/6) | P45: 11 | Q45: =IF(F45=1,(((1-((P45-3)/15))*0.5)+0.5),((P45/18)*0.5)) | R45: 0 | S45: 3 | T45: 1 | U45: =IFERROR(T45/S45, 1) | V45: 0 | W45: 3 | X45: =((O45*0.3)+(Q45*0.175)+(R45*0.175)+(U45*0.175)+((1-V45)*0.175))+W45
A46: 46157 | B46: 10 | C46: Mateo | D46: Noctis, Heir Apparent | E46: 2 | F46: 1 | G46: 1 | H46: 3 | I46: 2 | J46: =F46-(1/H46) | K46: =((I46-((H46-1)/H46))-(-5/6))/((5-(5/6))-(-5/6)) | L46: =E46-((E47+E48)/2) | M46: =0.5 + (L46 * 0.09) | N46: =((H46-(G46-1))/H46)*(IF(I46<>0,(I46+H46)/H46,1)) | O46: =(N46-(1/6))/(10/6) | P46: 10 | Q46: =IF(F46=1,(((1-((P46-3)/15))*0.5)+0.5),((P46/18)*0.5)) | R46: 1 | S46: 1 | T46: 1 | U46: =IFERROR(T46/S46, 1) | V46: 0 | W46: 2 | X46: =((O46*0.3)+(Q46*0.175)+(R46*0.175)+(U46*0.175)+((1-V46)*0.175))+W46
A47: 46157 | B47: 10 | C47: Ryan | D47: Eowyn, Shieldmaiden | E47: 3.6 | F47: 0 | G47: 2 | H47: 3 | I47: 0 | J47: =F47-(1/H47) | K47: =((I47-((H47-1)/H47))-(-5/6))/((5-(5/6))-(-5/6)) | L47: =E47-((E46+E48)/2) | M47: =0.5 + (L47 * 0.09) | N47: =((H47-(G47-1))/H47)*(IF(I47<>0,(I47+H47)/H47,1)) | O47: =(N47-(1/6))/(10/6) | P47: 10 | Q47: =IF(F47=1,(((1-((P47-3)/15))*0.5)+0.5),((P47/18)*0.5)) | R47: 0 | S47: 0 | T47: 1 | U47: =IFERROR(T47/S47, 1) | V47: 0 | W47: 3 | X47: =((O47*0.3)+(Q47*0.175)+(R47*0.175)+(U47*0.175)+((1-V47)*0.175))+W47
A48: 46157 | B48: 10 | C48: Red | D48: Squall, SeeD Mercenary | E48: 3.3 | F48: 0 | G48: 3 | H48: 3 | I48: 0 | J48: =F48-(1/H48) | K48: =((I48-((H48-1)/H48))-(-5/6))/((5-(5/6))-(-5/6)) | L48: =E48-((E46+E47)/2) | M48: =0.5 + (L48 * 0.09) | N48: =((H48-(G48-1))/H48)*(IF(I48<>0,(I48+H48)/H48,1)) | O48: =(N48-(1/6))/(10/6) | P48: 7 | Q48: =IF(F48=1,(((1-((P48-3)/15))*0.5)+0.5),((P48/18)*0.5)) | R48: 1 | S48: 0 | T48: 1 | U48: =IFERROR(T48/S48, 1) | V48: 0 | W48: 3 | X48: =((O48*0.3)+(Q48*0.175)+(R48*0.175)+(U48*0.175)+((1-V48)*0.175))+W48
A49: 46161 | B49: 11 | C49: Ryan | D49: Witherbloom, The Balancer | E49: 2.7 | F49: 1 | G49: 1 | H49: 3 | I49: 2 | J49: =F49-(1/H49) | K49: =((I49-((H49-1)/H49))-(-5/6))/((5-(5/6))-(-5/6)) | L49: =E49-((E50+E51)/2) | M49: =0.5 + (L49 * 0.09) | N49: =((H49-(G49-1))/H49)*(IF(I49<>0,(I49+H49)/H49,1)) | O49: =(N49-(1/6))/(10/6) | P49: 11 | Q49: =IF(F49=1,(((1-((P49-3)/15))*0.5)+0.5),((P49/18)*0.5)) | R49: 1 | S49: 0 | T49: 0 | U49: =IFERROR(T49/S49, 1) | V49: 0 | W49: 2 | X49: =((O49*0.3)+(Q49*0.175)+(R49*0.175)+(U49*0.175)+((1-V49)*0.175))+W49
A50: 46161 | B50: 11 | C50: Red | D50: Squall, SeeD Mercenary | E50: 3.6 | F50: 0 | G50: 2 | H50: 3 | I50: 0 | J50: =F50-(1/H50) | K50: =((I50-((H50-1)/H50))-(-5/6))/((5-(5/6))-(-5/6)) | L50: =E50-((E49+E51)/2) | M50: =0.5 + (L50 * 0.09) | N50: =((H50-(G50-1))/H50)*(IF(I50<>0,(I50+H50)/H50,1)) | O50: =(N50-(1/6))/(10/6) | P50: 11 | Q50: =IF(F50=1,(((1-((P50-3)/15))*0.5)+0.5),((P50/18)*0.5)) | R50: 0 | S50: 0 | T50: 0 | U50: =IFERROR(T50/S50, 1) | V50: 0 | W50: 3 | X50: =((O50*0.3)+(Q50*0.175)+(R50*0.175)+(U50*0.175)+((1-V50)*0.175))+W50
A51: 46161 | B51: 11 | C51: Manny | D51: Fynn, the Fangbearer | E51: 2 | F51: 0 | G51: 3 | H51: 3 | I51: 0 | J51: =F51-(1/H51) | K51: =((I51-((H51-1)/H51))-(-5/6))/((5-(5/6))-(-5/6)) | L51: =E51-((E49+E50)/2) | M51: =0.5 + (L51 * 0.09) | N51: =((H51-(G51-1))/H51)*(IF(I51<>0,(I51+H51)/H51,1)) | O51: =(N51-(1/6))/(10/6) | P51: 10 | Q51: =IF(F51=1,(((1-((P51-3)/15))*0.5)+0.5),((P51/18)*0.5)) | R51: 1 | S51: 0 | T51: 0 | U51: =IFERROR(T51/S51, 1) | V51: 0 | W51: 2 | X51: =((O51*0.3)+(Q51*0.175)+(R51*0.175)+(U51*0.175)+((1-V51)*0.175))+W51
A52: 46162 | B52: 12 | C52: Kristy | D52: Edgar Markov | E52: 3.6 | F52: 1 | G52: 1 | H52: 4 | I52: 2 | J52: =F52-(1/H52) | K52: =((I52-((H52-1)/H52))-(-5/6))/((5-(5/6))-(-5/6)) | L52: =E52-((E53+E54+E55)/3) | M52: =0.5 + (L52 * 0.09) | N52: =((H52-(G52-1))/H52)*(IF(I52<>0,(I52+H52)/H52,1)) | O52: =(N52-(1/6))/(10/6) | P52: 11 | Q52: =IF(F52=1,(((1-((P52-3)/15))*0.5)+0.5),((P52/18)*0.5)) | R52: 1 | S52: 0 | T52: 0 | U52: =IFERROR(T52/S52, 1) | V52: 0 | W52: 3 | X52: =((O52*0.3)+(Q52*0.175)+(R52*0.175)+(U52*0.175)+((1-V52)*0.175))+W52
A53: 46162 | B53: 12 | C53: Joseph | D53: Hei Bai, Forest Guardian | E53: 3 | F53: 0 | G53: 2 | H53: 4 | I53: 0 | J53: =F53-(1/H53) | K53: =((I53-((H53-1)/H53))-(-5/6))/((5-(5/6))-(-5/6)) | L53: =E53-((E52+E54+E55)/3) | M53: =0.5 + (L53 * 0.09) | N53: =((H53-(G53-1))/H53)*(IF(I53<>0,(I53+H53)/H53,1)) | O53: =(N53-(1/6))/(10/6) | P53: 11 | Q53: =IF(F53=1,(((1-((P53-3)/15))*0.5)+0.5),((P53/18)*0.5)) | R53: 0 | S53: 1 | T53: 0 | U53: =IFERROR(T53/S53, 1) | V53: 0 | W53: 3 | X53: =((O53*0.3)+(Q53*0.175)+(R53*0.175)+(U53*0.175)+((1-V53)*0.175))+W53
A54: 46162 | B54: 12 | C54: Ryan | D54: Cloud, Ex-SOLDIER | E54: 3.9 | F54: 0 | G54: 3 | H54: 4 | I54: 1 | J54: =F54-(1/H54) | K54: =((I54-((H54-1)/H54))-(-5/6))/((5-(5/6))-(-5/6)) | L54: =E54-((E52+E53+E55)/3) | M54: =0.5 + (L54 * 0.09) | N54: =((H54-(G54-1))/H54)*(IF(I54<>0,(I54+H54)/H54,1)) | O54: =(N54-(1/6))/(10/6) | P54: 11 | Q54: =IF(F54=1,(((1-((P54-3)/15))*0.5)+0.5),((P54/18)*0.5)) | R54: 1 | S54: 0 | T54: 0 | U54: =IFERROR(T54/S54, 1) | V54: 0 | W54: 3 | X54: =((O54*0.3)+(Q54*0.175)+(R54*0.175)+(U54*0.175)+((1-V54)*0.175))+W54
A55: 46162 | B55: 12 | C55: Manny | D55: Galadriel, Light of Valinor | E55: 3.9 | F55: 0 | G55: 4 | H55: 4 | I55: 0 | J55: =F55-(1/H55) | K55: =((I55-((H55-1)/H55))-(-5/6))/((5-(5/6))-(-5/6)) | L55: =E55-((E52+E53+E54)/3) | M55: =0.5 + (L55 * 0.09) | N55: =((H55-(G55-1))/H55)*(IF(I55<>0,(I55+H55)/H55,1)) | O55: =(N55-(1/6))/(10/6) | P55: 11 | Q55: =IF(F55=1,(((1-((P55-3)/15))*0.5)+0.5),((P55/18)*0.5)) | R55: 1 | S55: 0 | T55: 0 | U55: =IFERROR(T55/S55, 1) | V55: 0 | W55: 3 | X55: =((O55*0.3)+(Q55*0.175)+(R55*0.175)+(U55*0.175)+((1-V55)*0.175))+W55
A56: 46164 | B56: 13 | C56: Joseph | D56: Zimone, Infinite Analyst | E56: 3 | F56: 1 | G56: 1 | H56: 5 | I56: 3 | J56: =F56-(1/H56) | K56: =((I56-((H56-1)/H56))-(-5/6))/((5-(5/6))-(-5/6)) | L56: =E56-((E57+E58+E59+E60)/4) | M56: =0.5 + (L56 * 0.09) | N56: =((H56-(G56-1))/H56)*(IF(I56<>0,(I56+H56)/H56,1)) | O56: =(N56-(1/6))/(10/6) | P56: 17 | Q56: =IF(F56=1,(((1-((P56-3)/15))*0.5)+0.5),((P56/18)*0.5)) | R56: 1 | S56: 3 | T56: 2 | U56: =IFERROR(T56/S56, 1) | V56: 0 | W56: 3 | X56: =((O56*0.3)+(Q56*0.175)+(R56*0.175)+(U56*0.175)+((1-V56)*0.175))+W56
A57: 46164 | B57: 13 | C57: Mateo | D57: Yuna, Grand Summoner | E57: 3 | F57: 0 | G57: 2 | H57: 5 | I57: 0 | J57: =F57-(1/H57) | K57: =((I57-((H57-1)/H57))-(-5/6))/((5-(5/6))-(-5/6)) | L57: =E57-((E56+E58+E59+E60)/4) | M57: =0.5 + (L57 * 0.09) | N57: =((H57-(G57-1))/H57)*(IF(I57<>0,(I57+H57)/H57,1)) | O57: =(N57-(1/6))/(10/6) | P57: 17 | Q57: =IF(F57=1,(((1-((P57-3)/15))*0.5)+0.5),((P57/18)*0.5)) | R57: 0 | S57: 3 | T57: 2 | U57: =IFERROR(T57/S57, 1) | V57: 0 | W57: 3 | X57: =((O57*0.3)+(Q57*0.175)+(R57*0.175)+(U57*0.175)+((1-V57)*0.175))+W57
A58: 46164 | B58: 13 | C58: Becca | D58: Killian, Decisive Mentor | E58: 2.5 | F58: 0 | G58: 3 | H58: 5 | I58: 1 | J58: =F58-(1/H58) | K58: =((I58-((H58-1)/H58))-(-5/6))/((5-(5/6))-(-5/6)) | L58: =E58-((E56+E57+E59+E60)/4) | M58: =0.5 + (L58 * 0.09) | N58: =((H58-(G58-1))/H58)*(IF(I58<>0,(I58+H58)/H58,1)) | O58: =(N58-(1/6))/(10/6) | P58: 16 | Q58: =IF(F58=1,(((1-((P58-3)/15))*0.5)+0.5),((P58/18)*0.5)) | R58: 0 | S58: 3 | T58: 2 | U58: =IFERROR(T58/S58, 1) | V58: 0 | W58: 2 | X58: =((O58*0.3)+(Q58*0.175)+(R58*0.175)+(U58*0.175)+((1-V58)*0.175))+W58
A59: 46164 | B59: 13 | C59: Ryan | D59: Fire Lord Zuko | E59: 3.6 | F59: 0 | G59: 4 | H59: 5 | I59: 0 | J59: =F59-(1/H59) | K59: =((I59-((H59-1)/H59))-(-5/6))/((5-(5/6))-(-5/6)) | L59: =E59-((E56+E57+E58+E60)/4) | M59: =0.5 + (L59 * 0.09) | N59: =((H59-(G59-1))/H59)*(IF(I59<>0,(I59+H59)/H59,1)) | O59: =(N59-(1/6))/(10/6) | P59: 14 | Q59: =IF(F59=1,(((1-((P59-3)/15))*0.5)+0.5),((P59/18)*0.5)) | R59: 0 | S59: 2 | T59: 1 | U59: =IFERROR(T59/S59, 1) | V59: 0 | W59: 3 | X59: =((O59*0.3)+(Q59*0.175)+(R59*0.175)+(U59*0.175)+((1-V59)*0.175))+W59
A60: 46164 | B60: 13 | C60: Kristy | D60: Dina, Essence Brewer | E60: 3 | F60: 0 | G60: 5 | H60: 5 | I60: 0 | J60: =F60-(1/H60) | K60: =((I60-((H60-1)/H60))-(-5/6))/((5-(5/6))-(-5/6)) | L60: =E60-((E56+E57+E58+E59)/4) | M60: =0.5 + (L60 * 0.09) | N60: =((H60-(G60-1))/H60)*(IF(I60<>0,(I60+H60)/H60,1)) | O60: =(N60-(1/6))/(10/6) | P60: 13 | Q60: =IF(F60=1,(((1-((P60-3)/15))*0.5)+0.5),((P60/18)*0.5)) | R60: 0 | S60: 1 | T60: 0 | U60: =IFERROR(T60/S60, 1) | V60: 0 | W60: 3 | X60: =((O60*0.3)+(Q60*0.175)+(R60*0.175)+(U60*0.175)+((1-V60)*0.175))+W60
A61: 46171 | B61: 14 | C61: Ryan | D61: Preston Garvey, Minuteman | E61: 3 | F61: 1 | G61: 1 | H61: 6 | I61: 3 | J61: =F61-(1/H61) | K61: =((I61-((H61-1)/H61))-(-5/6))/((5-(5/6))-(-5/6)) | L61: =E61-((E62+E63+E64+E65+E66)/5) | M61: =0.5 + (L61 * 0.09) | N61: =((H61-(G61-1))/H61)*(IF(I61<>0,(I61+H61)/H61,1)) | O61: =(N61-(1/6))/(10/6) | P61: 10 | Q61: =IF(F61=1,(((1-((P61-3)/15))*0.5)+0.5),((P61/18)*0.5)) | R61: 1 | S61: 0 | T61: 0 | U61: =IFERROR(T61/S61, 1) | V61: 0 | W61: 3 | X61: =((O61*0.3)+(Q61*0.175)+(R61*0.175)+(U61*0.175)+((1-V61)*0.175))+W61
A62: 46171 | B62: 14 | C62: Manny | D62: Frodo, Adventurous Hobbit/Sam, Loyal Attendant | E62: 3 | F62: 0 | G62: 2 | H62: 6 | I62: 1 | J62: =F62-(1/H62) | K62: =((I62-((H62-1)/H62))-(-5/6))/((5-(5/6))-(-5/6)) | L62: =E62-((E61+E63+E64+E65+E66)/5) | M62: =0.5 + (L62 * 0.09) | N62: =((H62-(G62-1))/H62)*(IF(I62<>0,(I62+H62)/H62,1)) | O62: =(N62-(1/6))/(10/6) | P62: 10 | Q62: =IF(F62=1,(((1-((P62-3)/15))*0.5)+0.5),((P62/18)*0.5)) | R62: 0 | S62: 0 | T62: 0 | U62: =IFERROR(T62/S62, 1) | V62: 0 | W62: 3 | X62: =((O62*0.3)+(Q62*0.175)+(R62*0.175)+(U62*0.175)+((1-V62)*0.175))+W62
A63: 46171 | B63: 14 | C63: Mateo | D63: Yuna, Grand Summoner | E63: 3.5 | F63: 0 | G63: 3 | H63: 6 | I63: 1 | J63: =F63-(1/H63) | K63: =((I63-((H63-1)/H63))-(-5/6))/((5-(5/6))-(-5/6)) | L63: =E63-((E61+E62+E64+E65+E66)/5) | M63: =0.5 + (L63 * 0.09) | N63: =((H63-(G63-1))/H63)*(IF(I63<>0,(I63+H63)/H63,1)) | O63: =(N63-(1/6))/(10/6) | P63: 10 | Q63: =IF(F63=1,(((1-((P63-3)/15))*0.5)+0.5),((P63/18)*0.5)) | R63: 1 | S63: 0 | T63: 0 | U63: =IFERROR(T63/S63, 1) | V63: 0 | W63: 3 | X63: =((O63*0.3)+(Q63*0.175)+(R63*0.175)+(U63*0.175)+((1-V63)*0.175))+W63
A64: 46171 | B64: 14 | C64: Kristy | D64: Edgar Markov | E64: 3.9 | F64: 0 | G64: 4 | H64: 6 | I64: 0 | J64: =F64-(1/H64) | K64: =((I64-((H64-1)/H64))-(-5/6))/((5-(5/6))-(-5/6)) | L64: =E64-((E61+E62+E63+E65+E66)/5) | M64: =0.5 + (L64 * 0.09) | N64: =((H64-(G64-1))/H64)*(IF(I64<>0,(I64+H64)/H64,1)) | O64: =(N64-(1/6))/(10/6) | P64: 9 | Q64: =IF(F64=1,(((1-((P64-3)/15))*0.5)+0.5),((P64/18)*0.5)) | R64: 1 | S64: 0 | T64: 0 | U64: =IFERROR(T64/S64, 1) | V64: 0 | W64: 3 | X64: =((O64*0.3)+(Q64*0.175)+(R64*0.175)+(U64*0.175)+((1-V64)*0.175))+W64
A65: 46171 | B65: 14 | C65: Becca | D65: Killian, Decisive Mentor | E65: 2.5 | F65: 0 | G65: 5 | H65: 6 | I65: 0 | J65: =F65-(1/H65) | K65: =((I65-((H65-1)/H65))-(-5/6))/((5-(5/6))-(-5/6)) | L65: =E65-((E61+E62+E63+E64+E66)/5) | M65: =0.5 + (L65 * 0.09) | N65: =((H65-(G65-1))/H65)*(IF(I65<>0,(I65+H65)/H65,1)) | O65: =(N65-(1/6))/(10/6) | P65: 9 | Q65: =IF(F65=1,(((1-((P65-3)/15))*0.5)+0.5),((P65/18)*0.5)) | R65: 0 | S65: 1 | T65: 0 | U65: =IFERROR(T65/S65, 1) | V65: 0 | W65: 2 | X65: =((O65*0.3)+(Q65*0.175)+(R65*0.175)+(U65*0.175)+((1-V65)*0.175))+W65
A66: 46171 | B66: 14 | C66: Red | D66: Sanar, Innovative First-Year | E66: 1 | F66: 0 | G66: 6 | H66: 6 | I66: 0 | J66: =F66-(1/H66) | K66: =((I66-((H66-1)/H66))-(-5/6))/((5-(5/6))-(-5/6)) | L66: =E66-((E61+E62+E63+E64+E65)/5) | M66: =0.5 + (L66 * 0.09) | N66: =((H66-(G66-1))/H66)*(IF(I66<>0,(I66+H66)/H66,1)) | O66: =(N66-(1/6))/(10/6) | P66: 8 | Q66: =IF(F66=1,(((1-((P66-3)/15))*0.5)+0.5),((P66/18)*0.5)) | R66: 0 | S66: 1 | T66: 0 | U66: =IFERROR(T66/S66, 1) | V66: 1 | W66: 1 | X66: =((O66*0.3)+(Q66*0.175)+(R66*0.175)+(U66*0.175)+((1-V66)*0.175))+W66
A67: 46171 | B67: 15 | C67: Mateo | D67: Noctis, Heir Apparent | E67: 2.9 | F67: 1 | G67: 1 | H67: 5 | I67: 3 | J67: =F67-(1/H67) | K67: =((I67-((H67-1)/H67))-(-5/6))/((5-(5/6))-(-5/6)) | L67: =E67-((E68+E69+E70+E71)/4) | M67: =0.5 + (L67 * 0.09) | N67: =((H67-(G67-1))/H67)*(IF(I67<>0,(I67+H67)/H67,1)) | O67: =(N67-(1/6))/(10/6) | P67: 12 | Q67: =IF(F67=1,(((1-((P67-3)/15))*0.5)+0.5),((P67/18)*0.5)) | R67: 1 | S67: 2 | T67: 2 | U67: =IFERROR(T67/S67, 1) | V67: 0 | W67: 2 | X67: =((O67*0.3)+(Q67*0.175)+(R67*0.175)+(U67*0.175)+((1-V67)*0.175))+W67
A68: 46171 | B68: 15 | C68: Becca | D68: Ms. Bumbleflower | E68: 2.3 | F68: 0 | G68: 2 | H68: 5 | I68: 0 | J68: =F68-(1/H68) | K68: =((I68-((H68-1)/H68))-(-5/6))/((5-(5/6))-(-5/6)) | L68: =E68-((E67+E69+E70+E71)/4) | M68: =0.5 + (L68 * 0.09) | N68: =((H68-(G68-1))/H68)*(IF(I68<>0,(I68+H68)/H68,1)) | O68: =(N68-(1/6))/(10/6) | P68: 12 | Q68: =IF(F68=1,(((1-((P68-3)/15))*0.5)+0.5),((P68/18)*0.5)) | R68: 1 | S68: 2 | T68: 2 | U68: =IFERROR(T68/S68, 1) | V68: 0 | W68: 2 | X68: =((O68*0.3)+(Q68*0.175)+(R68*0.175)+(U68*0.175)+((1-V68)*0.175))+W68
A69: 46171 | B69: 15 | C69: Red | D69: Cloud, Ex-SOLDIER | E69: 2.3 | F69: 0 | G69: 3 | H69: 5 | I69: 1 | J69: =F69-(1/H69) | K69: =((I69-((H69-1)/H69))-(-5/6))/((5-(5/6))-(-5/6)) | L69: =E69-((E67+E68+E70+E71)/4) | M69: =0.5 + (L69 * 0.09) | N69: =((H69-(G69-1))/H69)*(IF(I69<>0,(I69+H69)/H69,1)) | O69: =(N69-(1/6))/(10/6) | P69: 11 | Q69: =IF(F69=1,(((1-((P69-3)/15))*0.5)+0.5),((P69/18)*0.5)) | R69: 1 | S69: 1 | T69: 1 | U69: =IFERROR(T69/S69, 1) | V69: 0 | W69: 2 | X69: =((O69*0.3)+(Q69*0.175)+(R69*0.175)+(U69*0.175)+((1-V69)*0.175))+W69
A70: 46171 | B70: 15 | C70: Manny | D70: Galadriel, Light of Valinor | E70: 3.6 | F70: 0 | G70: 4 | H70: 5 | I70: 0 | J70: =F70-(1/H70) | K70: =((I70-((H70-1)/H70))-(-5/6))/((5-(5/6))-(-5/6)) | L70: =E70-((E67+E68+E69+E71)/4) | M70: =0.5 + (L70 * 0.09) | N70: =((H70-(G70-1))/H70)*(IF(I70<>0,(I70+H70)/H70,1)) | O70: =(N70-(1/6))/(10/6) | P70: 10 | Q70: =IF(F70=1,(((1-((P70-3)/15))*0.5)+0.5),((P70/18)*0.5)) | R70: 1 | S70: 0 | T70: 0 | U70: =IFERROR(T70/S70, 1) | V70: 0 | W70: 3 | X70: =((O70*0.3)+(Q70*0.175)+(R70*0.175)+(U70*0.175)+((1-V70)*0.175))+W70
A71: 46171 | B71: 15 | C71: Ryan | D71: Ashling, The Limitless | E71: 3.6 | F71: 0 | G71: 5 | H71: 5 | I71: 0 | J71: =F71-(1/H71) | K71: =((I71-((H71-1)/H71))-(-5/6))/((5-(5/6))-(-5/6)) | L71: =E71-((E67+E68+E69+E70)/4) | M71: =0.5 + (L71 * 0.09) | N71: =((H71-(G71-1))/H71)*(IF(I71<>0,(I71+H71)/H71,1)) | O71: =(N71-(1/6))/(10/6) | P71: 9 | Q71: =IF(F71=1,(((1-((P71-3)/15))*0.5)+0.5),((P71/18)*0.5)) | R71: 1 | S71: 3 | T71: 2 | U71: =IFERROR(T71/S71, 1) | V71: 0 | W71: 3 | X71: =((O71*0.3)+(Q71*0.175)+(R71*0.175)+(U71*0.175)+((1-V71)*0.175))+W71
A72: 46178 | B72: 16 | C72: Ryan | D72: Preston Garvey, Minuteman | E72: 3.9 | F72: 1 | G72: 1 | H72: 5 | I72: 1 | J72: =F72-(1/H72) | K72: =((I72-((H72-1)/H72))-(-5/6))/((5-(5/6))-(-5/6)) | L72: =E72-((E73+E74+E75+E76)/4) | M72: =0.5 + (L72 * 0.09) | N72: =((H72-(G72-1))/H72)*(IF(I72<>0,(I72+H72)/H72,1)) | O72: =(N72-(1/6))/(10/6) | P72: 10 | Q72: =IF(F72=1,(((1-((P72-3)/15))*0.5)+0.5),((P72/18)*0.5)) | R72: 1 | S72: 1 | T72: 0 | U72: =IFERROR(T72/S72, 1) | V72: 0 | W72: 3 | X72: =((O72*0.3)+(Q72*0.175)+(R72*0.175)+(U72*0.175)+((1-V72)*0.175))+W72
A73: 46178 | B73: 16 | C73: Michelle | D73: The Wise Mothman | E73: 2.4 | F73: 0 | G73: 2 | H73: 5 | I73: 2 | J73: =F73-(1/H73) | K73: =((I73-((H73-1)/H73))-(-5/6))/((5-(5/6))-(-5/6)) | L73: =E73-((E72+E74+E75+E76)/4) | M73: =0.5 + (L73 * 0.09) | N73: =((H73-(G73-1))/H73)*(IF(I73<>0,(I73+H73)/H73,1)) | O73: =(N73-(1/6))/(10/6) | P73: 10 | Q73: =IF(F73=1,(((1-((P73-3)/15))*0.5)+0.5),((P73/18)*0.5)) | R73: 1 | S73: 0 | T73: 0 | U73: =IFERROR(T73/S73, 1) | V73: 0 | W73: 2 | X73: =((O73*0.3)+(Q73*0.175)+(R73*0.175)+(U73*0.175)+((1-V73)*0.175))+W73
A74: 46178 | B74: 16 | C74: Manny | D74: Galadriel, Light of Valinor | E74: 3.6 | F74: 0 | G74: 3 | H74: 5 | I74: 1 | J74: =F74-(1/H74) | K74: =((I74-((H74-1)/H74))-(-5/6))/((5-(5/6))-(-5/6)) | L74: =E74-((E72+E73+E75+E76)/4) | M74: =0.5 + (L74 * 0.09) | N74: =((H74-(G74-1))/H74)*(IF(I74<>0,(I74+H74)/H74,1)) | O74: =(N74-(1/6))/(10/6) | P74: 9 | Q74: =IF(F74=1,(((1-((P74-3)/15))*0.5)+0.5),((P74/18)*0.5)) | R74: 1 | S74: 0 | T74: 0 | U74: =IFERROR(T74/S74, 1) | V74: 0 | W74: 3 | X74: =((O74*0.3)+(Q74*0.175)+(R74*0.175)+(U74*0.175)+((1-V74)*0.175))+W74
A75: 46178 | B75: 16 | C75: Mateo | D75: Quintorius, History Chaser | E75: 2.6 | F75: 0 | G75: 4 | H75: 5 | I75: 0 | J75: =F75-(1/H75) | K75: =((I75-((H75-1)/H75))-(-5/6))/((5-(5/6))-(-5/6)) | L75: =E75-((E72+E73+E74+E76)/4) | M75: =0.5 + (L75 * 0.09) | N75: =((H75-(G75-1))/H75)*(IF(I75<>0,(I75+H75)/H75,1)) | O75: =(N75-(1/6))/(10/6) | P75: 9 | Q75: =IF(F75=1,(((1-((P75-3)/15))*0.5)+0.5),((P75/18)*0.5)) | R75: 0 | S75: 1 | T75: 0 | U75: =IFERROR(T75/S75, 1) | V75: 0 | W75: 2 | X75: =((O75*0.3)+(Q75*0.175)+(R75*0.175)+(U75*0.175)+((1-V75)*0.175))+W75
A76: 46178 | B76: 16 | C76: Kristy | D76: Niv-Mizzet, Parun | E76: 3 | F76: 0 | G76: 5 | H76: 5 | I76: 0 | J76: =F76-(1/H76) | K76: =((I76-((H76-1)/H76))-(-5/6))/((5-(5/6))-(-5/6)) | L76: =E76-((E72+E73+E74+E75)/4) | M76: =0.5 + (L76 * 0.09) | N76: =((H76-(G76-1))/H76)*(IF(I76<>0,(I76+H76)/H76,1)) | O76: =(N76-(1/6))/(10/6) | P76: 7 | Q76: =IF(F76=1,(((1-((P76-3)/15))*0.5)+0.5),((P76/18)*0.5)) | R76: 0 | S76: 0 | T76: 0 | U76: =IFERROR(T76/S76, 1) | V76: 0 | W76: 3 | X76: =((O76*0.3)+(Q76*0.175)+(R76*0.175)+(U76*0.175)+((1-V76)*0.175))+W76
A77: 46178 | B77: 17 | C77: Mateo | D77: Ureni of the Unwritten | E77: 3 | F77: 1 | G77: 1 | H77: 6 | I77: 3 | J77: =F77-(1/H77) | K77: =((I77-((H77-1)/H77))-(-5/6))/((5-(5/6))-(-5/6)) | L77: =E77-((E78+E79+E80+E81+E82)/5) | M77: =0.5 + (L77 * 0.09) | N77: =((H77-(G77-1))/H77)*(IF(I77<>0,(I77+H77)/H77,1)) | O77: =(N77-(1/6))/(10/6) | P77: 10 | Q77: =IF(F77=1,(((1-((P77-3)/15))*0.5)+0.5),((P77/18)*0.5)) | R77: 1 | S77: 3 | T77: 1 | U77: =IFERROR(T77/S77, 1) | V77: 0 | W77: 3 | X77: =((O77*0.3)+(Q77*0.175)+(R77*0.175)+(U77*0.175)+((1-V77)*0.175))+W77
A78: 46178 | B78: 17 | C78: Ryan | D78: Witherbloom, The Balancer | E78: 2.9 | F78: 0 | G78: 2 | H78: 6 | I78: 0 | J78: =F78-(1/H78) | K78: =((I78-((H78-1)/H78))-(-5/6))/((5-(5/6))-(-5/6)) | L78: =E78-((E77+E79+E80+E81+E82)/5) | M78: =0.5 + (L78 * 0.09) | N78: =((H78-(G78-1))/H78)*(IF(I78<>0,(I78+H78)/H78,1)) | O78: =(N78-(1/6))/(10/6) | P78: 10 | Q78: =IF(F78=1,(((1-((P78-3)/15))*0.5)+0.5),((P78/18)*0.5)) | R78: 0 | S78: 3 | T78: 1 | U78: =IFERROR(T78/S78, 1) | V78: 0 | W78: 2 | X78: =((O78*0.3)+(Q78*0.175)+(R78*0.175)+(U78*0.175)+((1-V78)*0.175))+W78
A79: 46178 | B79: 17 | C79: Kristy | D79: Edgar Markov | E79: 3.6 | F79: 0 | G79: 2 | H79: 6 | I79: 0 | J79: =F79-(1/H79) | K79: =((I79-((H79-1)/H79))-(-5/6))/((5-(5/6))-(-5/6)) | L79: =E79-((E77+E78+E80+E81+E82)/5) | M79: =0.5 + (L79 * 0.09) | N79: =((H79-(G79-1))/H79)*(IF(I79<>0,(I79+H79)/H79,1)) | O79: =(N79-(1/6))/(10/6) | P79: 10 | Q79: =IF(F79=1,(((1-((P79-3)/15))*0.5)+0.5),((P79/18)*0.5)) | R79: 1 | S79: 5 | T79: 1 | U79: =IFERROR(T79/S79, 1) | V79: 0 | W79: 3 | X79: =((O79*0.3)+(Q79*0.175)+(R79*0.175)+(U79*0.175)+((1-V79)*0.175))+W79
A80: 46178 | B80: 17 | C80: Manny | D80: Athreos, God of Passage | E80: 3.3 | F80: 0 | G80: 2 | H80: 6 | I80: 0 | J80: =F80-(1/H80) | K80: =((I80-((H80-1)/H80))-(-5/6))/((5-(5/6))-(-5/6)) | L80: =E80-((E77+E78+E79+E81+E82)/5) | M80: =0.5 + (L80 * 0.09) | N80: =((H80-(G80-1))/H80)*(IF(I80<>0,(I80+H80)/H80,1)) | O80: =(N80-(1/6))/(10/6) | P80: 10 | Q80: =IF(F80=1,(((1-((P80-3)/15))*0.5)+0.5),((P80/18)*0.5)) | R80: 0 | S80: 4 | T80: 1 | U80: =IFERROR(T80/S80, 1) | V80: 0 | W80: 3 | X80: =((O80*0.3)+(Q80*0.175)+(R80*0.175)+(U80*0.175)+((1-V80)*0.175))+W80
A81: 46178 | B81: 17 | C81: Becca | D81: Ms. Bumbleflower | E81: 2.7 | F81: 0 | G81: 5 | H81: 6 | I81: 0 | J81: =F81-(1/H81) | K81: =((I81-((H81-1)/H81))-(-5/6))/((5-(5/6))-(-5/6)) | L81: =E81-((E77+E78+E79+E80+E82)/5) | M81: =0.5 + (L81 * 0.09) | N81: =((H81-(G81-1))/H81)*(IF(I81<>0,(I81+H81)/H81,1)) | O81: =(N81-(1/6))/(10/6) | P81: 10 | Q81: =IF(F81=1,(((1-((P81-3)/15))*0.5)+0.5),((P81/18)*0.5)) | R81: 0 | S81: 3 | T81: 2 | U81: =IFERROR(T81/S81, 1) | V81: 0 | W81: 2 | X81: =((O81*0.3)+(Q81*0.175)+(R81*0.175)+(U81*0.175)+((1-V81)*0.175))+W81
A82: 46178 | B82: 17 | C82: Michelle | D82: Szarel, Genesis Shepard | E82: 2 | F82: 0 | G82: 6 | H82: 6 | I82: 0 | J82: =F82-(1/H82) | K82: =((I82-((H82-1)/H82))-(-5/6))/((5-(5/6))-(-5/6)) | L82: =E82-((E77+E78+E79+E80+E81)/5) | M82: =0.5 + (L82 * 0.09) | N82: =((H82-(G82-1))/H82)*(IF(I82<>0,(I82+H82)/H82,1)) | O82: =(N82-(1/6))/(10/6) | P82: 9 | Q82: =IF(F82=1,(((1-((P82-3)/15))*0.5)+0.5),((P82/18)*0.5)) | R82: 0 | S82: 1 | T82: 0 | U82: =IFERROR(T82/S82, 1) | V82: 0 | W82: 2 | X82: =((O82*0.3)+(Q82*0.175)+(R82*0.175)+(U82*0.175)+((1-V82)*0.175))+W82
A83: 46183 | B83: 18 | C83: Manny | D83: Atraxa, Praetor's Voice | E83: 3.9 | F83: 1 | G83: 1 | H83: 3 | I83: 1 | J83: =F83-(1/H83) | K83: =((I83-((H83-1)/H83))-(-5/6))/((5-(5/6))-(-5/6)) | L83: =E83-((E84+E85)/2) | M83: =0.5 + (L83 * 0.09) | N83: =((H83-(G83-1))/H83)*(IF(I83<>0,(I83+H83)/H83,1)) | O83: =(N83-(1/6))/(10/6) | P83: 13 | Q83: =IF(F83=1,(((1-((P83-3)/15))*0.5)+0.5),((P83/18)*0.5)) | R83: 1 | S83: 0 | T83: 0 | U83: =IFERROR(T83/S83, 1) | V83: 0 | W83: 3 | X83: =((O83*0.3)+(Q83*0.175)+(R83*0.175)+(U83*0.175)+((1-V83)*0.175))+W83
A84: 46183 | B84: 18 | C84: Ryan | D84: Preston Garvey, Minuteman | E84: 3.7 | F84: 0 | G84: 2 | H84: 3 | I84: 1 | J84: =F84-(1/H84) | K84: =((I84-((H84-1)/H84))-(-5/6))/((5-(5/6))-(-5/6)) | L84: =E84-((E83+E85)/2) | M84: =0.5 + (L84 * 0.09) | N84: =((H84-(G84-1))/H84)*(IF(I84<>0,(I84+H84)/H84,1)) | O84: =(N84-(1/6))/(10/6) | P84: 13 | Q84: =IF(F84=1,(((1-((P84-3)/15))*0.5)+0.5),((P84/18)*0.5)) | R84: 1 | S84: 1 | T84: 1 | U84: =IFERROR(T84/S84, 1) | V84: 0 | W84: 3 | X84: =((O84*0.3)+(Q84*0.175)+(R84*0.175)+(U84*0.175)+((1-V84)*0.175))+W84
A85: 46183 | B85: 18 | C85: Joseph | D85: Valgavoth, Harrower of Souls | E85: 3.2 | F85: 0 | G85: 3 | H85: 3 | I85: 0 | J85: =F85-(1/H85) | K85: =((I85-((H85-1)/H85))-(-5/6))/((5-(5/6))-(-5/6)) | L85: =E85-((E83+E84)/2) | M85: =0.5 + (L85 * 0.09) | N85: =((H85-(G85-1))/H85)*(IF(I85<>0,(I85+H85)/H85,1)) | O85: =(N85-(1/6))/(10/6) | P85: 10 | Q85: =IF(F85=1,(((1-((P85-3)/15))*0.5)+0.5),((P85/18)*0.5)) | R85: 1 | S85: 0 | T85: 0 | U85: =IFERROR(T85/S85, 1) | V85: 0 | W85: 3 | X85: =((O85*0.3)+(Q85*0.175)+(R85*0.175)+(U85*0.175)+((1-V85)*0.175))+W85
A86: 46185 | B86: 19 | C86: Kristy | D86: Niv-Mizzet, Parun | E86: 3.4 | F86: 1 | G86: 1 | H86: 5 | I86: 2 | J86: =F86-(1/H86) | K86: =((I86-((H86-1)/H86))-(-5/6))/((5-(5/6))-(-5/6)) | L86: =E86-((E87+E88+E89+E90)/4) | M86: =0.5 + (L86 * 0.09) | N86: =((H86-(G86-1))/H86)*(IF(I86<>0,(I86+H86)/H86,1)) | O86: =(N86-(1/6))/(10/6) | P86: 12 | Q86: =IF(F86=1,(((1-((P86-3)/15))*0.5)+0.5),((P86/18)*0.5)) | R86: 1 | S86: 0 | T86: 0 | U86: =IFERROR(T86/S86, 1) | V86: 0 | W86: 3 | X86: =((O86*0.3)+(Q86*0.175)+(R86*0.175)+(U86*0.175)+((1-V86)*0.175))+W86
A87: 46185 | B87: 19 | C87: Ryan | D87: Giada, Font of Hope | E87: 2 | F87: 0 | G87: 2 | H87: 5 | I87: 1 | J87: =F87-(1/H87) | K87: =((I87-((H87-1)/H87))-(-5/6))/((5-(5/6))-(-5/6)) | L87: =E87-((E86+E88+E89+E90)/4) | M87: =0.5 + (L87 * 0.09) | N87: =((H87-(G87-1))/H87)*(IF(I87<>0,(I87+H87)/H87,1)) | O87: =(N87-(1/6))/(10/6) | P87: 12 | Q87: =IF(F87=1,(((1-((P87-3)/15))*0.5)+0.5),((P87/18)*0.5)) | R87: 0 | S87: 0 | T87: 0 | U87: =IFERROR(T87/S87, 1) | V87: 0 | W87: 2 | X87: =((O87*0.3)+(Q87*0.175)+(R87*0.175)+(U87*0.175)+((1-V87)*0.175))+W87
A88: 46185 | B88: 19 | C88: Manny | D88: Zada, Hedron Grinder | E88: 2 | F88: 0 | G88: 3 | H88: 5 | I88: 0 | J88: =F88-(1/H88) | K88: =((I88-((H88-1)/H88))-(-5/6))/((5-(5/6))-(-5/6)) | L88: =E88-((E86+E87+E89+E90)/4) | M88: =0.5 + (L88 * 0.09) | N88: =((H88-(G88-1))/H88)*(IF(I88<>0,(I88+H88)/H88,1)) | O88: =(N88-(1/6))/(10/6) | P88: 11 | Q88: =IF(F88=1,(((1-((P88-3)/15))*0.5)+0.5),((P88/18)*0.5)) | R88: 1 | S88: 1 | T88: 1 | U88: =IFERROR(T88/S88, 1) | V88: 0 | W88: 2 | X88: =((O88*0.3)+(Q88*0.175)+(R88*0.175)+(U88*0.175)+((1-V88)*0.175))+W88
A89: 46185 | B89: 19 | C89: Red | D89: Squall, SeeD Mercenary | E89: 3.5 | F89: 0 | G89: 4 | H89: 5 | I89: 0 | J89: =F89-(1/H89) | K89: =((I89-((H89-1)/H89))-(-5/6))/((5-(5/6))-(-5/6)) | L89: =E89-((E86+E87+E88+E90)/4) | M89: =0.5 + (L89 * 0.09) | N89: =((H89-(G89-1))/H89)*(IF(I89<>0,(I89+H89)/H89,1)) | O89: =(N89-(1/6))/(10/6) | P89: 10 | Q89: =IF(F89=1,(((1-((P89-3)/15))*0.5)+0.5),((P89/18)*0.5)) | R89: 0 | S89: 2 | T89: 1 | U89: =IFERROR(T89/S89, 1) | V89: 0 | W89: 3 | X89: =((O89*0.3)+(Q89*0.175)+(R89*0.175)+(U89*0.175)+((1-V89)*0.175))+W89
A90: 46185 | B90: 19 | C90: Mateo | D90: Fire Lord Azula | E90: 3.4 | F90: 0 | G90: 5 | H90: 5 | I90: 0 | J90: =F90-(1/H90) | K90: =((I90-((H90-1)/H90))-(-5/6))/((5-(5/6))-(-5/6)) | L90: =E90-((E86+E87+E88+E89)/4) | M90: =0.5 + (L90 * 0.09) | N90: =((H90-(G90-1))/H90)*(IF(I90<>0,(I90+H90)/H90,1)) | O90: =(N90-(1/6))/(10/6) | P90: 10 | Q90: =IF(F90=1,(((1-((P90-3)/15))*0.5)+0.5),((P90/18)*0.5)) | R90: 1 | S90: 0 | T90: 0 | U90: =IFERROR(T90/S90, 1) | V90: 0 | W90: 3 | X90: =((O90*0.3)+(Q90*0.175)+(R90*0.175)+(U90*0.175)+((1-V90)*0.175))+W90
A91: 46185 | B91: 20 | C91: Becca | D91: Ms. Bumbleflower | E91: 2.4 | F91: 1 | G91: 1 | H91: 5 | I91: 2 | J91: =F91-(1/H91) | K91: =((I91-((H91-1)/H91))-(-5/6))/((5-(5/6))-(-5/6)) | L91: =E91-((E92+E93+E94+E95)/4) | M91: =0.5 + (L91 * 0.09) | N91: =((H91-(G91-1))/H91)*(IF(I91<>0,(I91+H91)/H91,1)) | O91: =(N91-(1/6))/(10/6) | P91: 8 | Q91: =IF(F91=1,(((1-((P91-3)/15))*0.5)+0.5),((P91/18)*0.5)) | R91: 1 | S91: 0 | T91: 0 | U91: =IFERROR(T91/S91, 1) | V91: 0 | W91: 2 | X91: =((O91*0.3)+(Q91*0.175)+(R91*0.175)+(U91*0.175)+((1-V91)*0.175))+W91
A92: 46185 | B92: 20 | C92: Kristy | D92: Auntie Ool, Cursewretch | E92: 3.3 | F92: 0 | G92: 2 | H92: 5 | I92: 2 | J92: =F92-(1/H92) | K92: =((I92-((H92-1)/H92))-(-5/6))/((5-(5/6))-(-5/6)) | L92: =E92-((E91+E93+E94+E95)/4) | M92: =0.5 + (L92 * 0.09) | N92: =((H92-(G92-1))/H92)*(IF(I92<>0,(I92+H92)/H92,1)) | O92: =(N92-(1/6))/(10/6) | P92: 8 | Q92: =IF(F92=1,(((1-((P92-3)/15))*0.5)+0.5),((P92/18)*0.5)) | R92: 1 | S92: 0 | T92: 0 | U92: =IFERROR(T92/S92, 1) | V92: 0 | W92: 3 | X92: =((O92*0.3)+(Q92*0.175)+(R92*0.175)+(U92*0.175)+((1-V92)*0.175))+W92
A93: 46185 | B93: 20 | C93: Manny | D93: Zada, Hedron Grinder | E93: 2.7 | F93: 0 | G93: 3 | H93: 5 | I93: 0 | J93: =F93-(1/H93) | K93: =((I93-((H93-1)/H93))-(-5/6))/((5-(5/6))-(-5/6)) | L93: =E93-((E91+E92+E94+E95)/4) | M93: =0.5 + (L93 * 0.09) | N93: =((H93-(G93-1))/H93)*(IF(I93<>0,(I93+H93)/H93,1)) | O93: =(N93-(1/6))/(10/6) | P93: 8 | Q93: =IF(F93=1,(((1-((P93-3)/15))*0.5)+0.5),((P93/18)*0.5)) | R93: 0 | S93: 0 | T93: 0 | U93: =IFERROR(T93/S93, 1) | V93: 0 | W93: 2 | X93: =((O93*0.3)+(Q93*0.175)+(R93*0.175)+(U93*0.175)+((1-V93)*0.175))+W93
A94: 46185 | B94: 20 | C94: Mateo | D94: Noctis, Heir Apparent | E94: 2.9 | F94: 0 | G94: 4 | H94: 5 | I94: 0 | J94: =F94-(1/H94) | K94: =((I94-((H94-1)/H94))-(-5/6))/((5-(5/6))-(-5/6)) | L94: =E94-((E91+E92+E93+E95)/4) | M94: =0.5 + (L94 * 0.09) | N94: =((H94-(G94-1))/H94)*(IF(I94<>0,(I94+H94)/H94,1)) | O94: =(N94-(1/6))/(10/6) | P94: 8 | Q94: =IF(F94=1,(((1-((P94-3)/15))*0.5)+0.5),((P94/18)*0.5)) | R94: 1 | S94: 0 | T94: 0 | U94: =IFERROR(T94/S94, 1) | V94: 0 | W94: 2 | X94: =((O94*0.3)+(Q94*0.175)+(R94*0.175)+(U94*0.175)+((1-V94)*0.175))+W94
A95: 46185 | B95: 20 | C95: Ryan | D95: Witherbloom, The Balancer | E95: 2.4 | F95: 0 | G95: 5 | H95: 5 | I95: 0 | J95: =F95-(1/H95) | K95: =((I95-((H95-1)/H95))-(-5/6))/((5-(5/6))-(-5/6)) | L95: =E95-((E91+E92+E93+E94)/4) | M95: =0.5 + (L95 * 0.09) | N95: =((H95-(G95-1))/H95)*(IF(I95<>0,(I95+H95)/H95,1)) | O95: =(N95-(1/6))/(10/6) | P95: 8 | Q95: =IF(F95=1,(((1-((P95-3)/15))*0.5)+0.5),((P95/18)*0.5)) | R95: 0 | S95: 0 | T95: 0 | U95: =IFERROR(T95/S95, 1) | V95: 0 | W95: 2 | X95: =((O95*0.3)+(Q95*0.175)+(R95*0.175)+(U95*0.175)+((1-V95)*0.175))+W95
A96: 46186 | B96: 21 | C96: Ryan | D96: Fire Lord Zuko | E96: 3.4 | F96: 1 | G96: 1 | H96: 3 | I96: 1 | J96: =F96-(1/H96) | K96: =((I96-((H96-1)/H96))-(-5/6))/((5-(5/6))-(-5/6)) | L96: =E96-((E97+E98)/2) | M96: =0.5 + (L96 * 0.09) | N96: =((H96-(G96-1))/H96)*(IF(I96<>0,(I96+H96)/H96,1)) | O96: =(N96-(1/6))/(10/6) | P96: 13 | Q96: =IF(F96=1,(((1-((P96-3)/15))*0.5)+0.5),((P96/18)*0.5)) | R96: 1 | S96: 0 | T96: 0 | U96: =IFERROR(T96/S96, 1) | V96: 0 | W96: 3 | X96: =((O96*0.3)+(Q96*0.175)+(R96*0.175)+(U96*0.175)+((1-V96)*0.175))+W96
A97: 46186 | B97: 21 | C97: Becca | D97: Killian, Decisive Mentor | E97: 2.2 | F97: 0 | G97: 2 | H97: 3 | I97: 1 | J97: =F97-(1/H97) | K97: =((I97-((H97-1)/H97))-(-5/6))/((5-(5/6))-(-5/6)) | L97: =E97-((E96+E98)/2) | M97: =0.5 + (L97 * 0.09) | N97: =((H97-(G97-1))/H97)*(IF(I97<>0,(I97+H97)/H97,1)) | O97: =(N97-(1/6))/(10/6) | P97: 13 | Q97: =IF(F97=1,(((1-((P97-3)/15))*0.5)+0.5),((P97/18)*0.5)) | R97: 1 | S97: 2 | T97: 1 | U97: =IFERROR(T97/S97, 1) | V97: 0 | W97: 2 | X97: =((O97*0.3)+(Q97*0.175)+(R97*0.175)+(U97*0.175)+((1-V97)*0.175))+W97
A98: 46186 | B98: 21 | C98: Mateo | D98: Fire Lord Azula | E98: 3.6 | F98: 0 | G98: 3 | H98: 3 | I98: 0 | J98: =F98-(1/H98) | K98: =((I98-((H98-1)/H98))-(-5/6))/((5-(5/6))-(-5/6)) | L98: =E98-((E96+E97)/2) | M98: =0.5 + (L98 * 0.09) | N98: =((H98-(G98-1))/H98)*(IF(I98<>0,(I98+H98)/H98,1)) | O98: =(N98-(1/6))/(10/6) | P98: 8 | Q98: =IF(F98=1,(((1-((P98-3)/15))*0.5)+0.5),((P98/18)*0.5)) | R98: 1 | S98: 0 | T98: 0 | U98: =IFERROR(T98/S98, 1) | V98: 0 | W98: 3 | X98: =((O98*0.3)+(Q98*0.175)+(R98*0.175)+(U98*0.175)+((1-V98)*0.175))+W98
A99: 46192 | B99: 22 | C99: Mateo | D99: Quintorius, History Chaser | E99: 2.3 | F99: 1 | G99: 1 | H99: 5 | I99: 4 | J99: =F99-(1/H99) | K99: =((I99-((H99-1)/H99))-(-5/6))/((5-(5/6))-(-5/6)) | L99: =E99-((E100+E101+E102+E103)/4) | M99: =0.5 + (L99 * 0.09) | N99: =((H99-(G99-1))/H99)*(IF(I99<>0,(I99+H99)/H99,1)) | O99: =(N99-(1/6))/(10/6) | P99: 12 | Q99: =IF(F99=1,(((1-((P99-3)/15))*0.5)+0.5),((P99/18)*0.5)) | R99: 1 | S99: 4 | T99: 3 | U99: =IFERROR(T99/S99, 1) | V99: 0 | W99: 2 | X99: =((O99*0.3)+(Q99*0.175)+(R99*0.175)+(U99*0.175)+((1-V99)*0.175))+W99
A100: 46192 | B100: 22 | C100: Kristy | D100: Edgar Markov | E100: 3.6 | F100: 0 | G100: 2 | H100: 5 | I100: 0 | J100: =F100-(1/H100) | K100: =((I100-((H100-1)/H100))-(-5/6))/((5-(5/6))-(-5/6)) | L100: =E100-((E99+E101+E102+E103)/4) | M100: =0.5 + (L100 * 0.09) | N100: =((H100-(G100-1))/H100)*(IF(I100<>0,(I100+H100)/H100,1)) | O100: =(N100-(1/6))/(10/6) | P100: 12 | Q100: =IF(F100=1,(((1-((P100-3)/15))*0.5)+0.5),((P100/18)*0.5)) | R100: 1 | S100: 2 | T100: 1 | U100: =IFERROR(T100/S100, 1) | V100: 0 | W100: 3 | X100: =((O100*0.3)+(Q100*0.175)+(R100*0.175)+(U100*0.175)+((1-V100)*0.175))+W100
...

Sheet Game Log Season 3
A1: Base Game Info | F1: Player Score | P1: Turn of Victory/Loss | R1: Pop-Off | S1: Deck Resilience | V1: Games Clearly Behind | W1: Game Calculated Deck Strength | Y1: Playgroup Game ID
A2: Game Date | B2: Game # | C2: Player Name | D2: Commander | E2: Commander Strength | F2: Game Result | G2: Place | H2: Pod Size | I2: Knockouts | J2: Adjusted Pod Size Win/Loss Score | K2: Knockout Score | L2: Deck Strength Comparison Differential | M2: Win Probability based on Deck Strength | N2: Player Score | O2: Normalized Player Score | P2: TOV | Q2: Normalized TOV | R2: Pop-Off | S2: Disruptions | T2: Successful Recoveries | U2: Deck Resilience Score | V2: Games Clearly Behind | W2: Current Deck Bracket | X2: Game Calculated Deck Strength | Y2: Playgroup Game ID
A3: 46204 | B3: 1 | C3: Becca | D3: Ms. Bumbleflower | E3: 2.9 | F3: 0 | G3: 2 | H3: 5 | I3: 0 | J3: =F3-(1/H3) | K3: =((I3-((H3-1)/H3))-(-5/6))/((5-(5/6))-(-5/6)) | L3: =E3-((E4+E5+E6+E7)/4) | M3: =0.5 + (L3 * 0.09) | N3: =((H3-(G3-1))/H3)*(IF(I3<>0,(I3+H3)/H3,1)) | O3: =(N3-(1/6))/(10/6) | P3: 10 | Q3: =IF(F3=1,(((1-((P3-3)/15))*0.5)+0.5),((P3/18)*0.5)) | R3: 0 | S3: 1 | T3: 1 | U3: =IFERROR(T3/S3, 1) | V3: 0 | W3: 2 | X3: =((O3*0.3)+(Q3*0.175)+(R3*0.175)+(U3*0.175)+((1-V3)*0.175))+W3 | Y3: 767378
A4: 46204 | B4: 1 | C4: Mateo | D4: Captain America, Team Leader | E4: 3.7 | F4: 0 | G4: 2 | H4: 5 | I4: 0 | J4: =F4-(1/H4) | K4: =((I4-((H4-1)/H4))-(-5/6))/((5-(5/6))-(-5/6)) | L4: =E4-((E3+E5+E6+E7)/4) | M4: =0.5 + (L4 * 0.09) | N4: =((H4-(G4-1))/H4)*(IF(I4<>0,(I4+H4)/H4,1)) | O4: =(N4-(1/6))/(10/6) | P4: 10 | Q4: =IF(F4=1,(((1-((P4-3)/15))*0.5)+0.5),((P4/18)*0.5)) | R4: 1 | S4: 1 | T4: 1 | U4: =IFERROR(T4/S4, 1) | V4: 0 | W4: 3 | X4: =((O4*0.3)+(Q4*0.175)+(R4*0.175)+(U4*0.175)+((1-V4)*0.175))+W4 | Y4: 767378
A5: 46204 | B5: 1 | C5: Manny | D5: Kruphix, God of Horizons | E5: 2 | F5: 0 | G5: 2 | H5: 5 | I5: 0 | J5: =F5-(1/H5) | K5: =((I5-((H5-1)/H5))-(-5/6))/((5-(5/6))-(-5/6)) | L5: =E5-((E3+E4+E6+E7)/4) | M5: =0.5 + (L5 * 0.09) | N5: =((H5-(G5-1))/H5)*(IF(I5<>0,(I5+H5)/H5,1)) | O5: =(N5-(1/6))/(10/6) | P5: 10 | Q5: =IF(F5=1,(((1-((P5-3)/15))*0.5)+0.5),((P5/18)*0.5)) | R5: 1 | S5: 0 | T5: 0 | U5: =IFERROR(T5/S5, 1) | V5: 0 | W5: 2 | X5: =((O5*0.3)+(Q5*0.175)+(R5*0.175)+(U5*0.175)+((1-V5)*0.175))+W5 | Y5: 767378
A6: 46204 | B6: 1 | C6: Ryan | D6: Fire Lord Zuko | E6: 3.9 | F6: 1 | G6: 1 | H6: 5 | I6: 4 | J6: =F6-(1/H6) | K6: =((I6-((H6-1)/H6))-(-5/6))/((5-(5/6))-(-5/6)) | L6: =E6-((E3+E4+E5+E7)/4) | M6: =0.5 + (L6 * 0.09) | N6: =((H6-(G6-1))/H6)*(IF(I6<>0,(I6+H6)/H6,1)) | O6: =(N6-(1/6))/(10/6) | P6: 10 | Q6: =IF(F6=1,(((1-((P6-3)/15))*0.5)+0.5),((P6/18)*0.5)) | R6: 1 | S6: 1 | T6: 0 | U6: =IFERROR(T6/S6, 1) | V6: 0 | W6: 3 | X6: =((O6*0.3)+(Q6*0.175)+(R6*0.175)+(U6*0.175)+((1-V6)*0.175))+W6 | Y6: 767378
A7: 46204 | B7: 1 | C7: Kristy | D7: Auntie Ool, Cursewretch | E7: 3.4 | F7: 0 | G7: 2 | H7: 5 | I7: 0 | J7: =F7-(1/H7) | K7: =((I7-((H7-1)/H7))-(-5/6))/((5-(5/6))-(-5/6)) | L7: =E7-((E3+E4+E5+E6)/4) | M7: =0.5 + (L7 * 0.09) | N7: =((H7-(G7-1))/H7)*(IF(I7<>0,(I7+H7)/H7,1)) | O7: =(N7-(1/6))/(10/6) | P7: 10 | Q7: =IF(F7=1,(((1-((P7-3)/15))*0.5)+0.5),((P7/18)*0.5)) | R7: 0 | S7: 2 | T7: 0 | U7: =IFERROR(T7/S7, 1) | V7: 0 | W7: 3 | X7: =((O7*0.3)+(Q7*0.175)+(R7*0.175)+(U7*0.175)+((1-V7)*0.175))+W7 | Y7: 767378
A8: 46206 | B8: 2 | C8: Mateo | D8: Teval, the Balanced Scale | E8: 3 | F8: 1 | G8: 1 | H8: 4 | I8: 3 | J8: =F8-(1/H8) | K8: =((I8-((H8-1)/H8))-(-5/6))/((5-(5/6))-(-5/6)) | L8: =E8-((E9+E10+E11)/3) | M8: =0.5 + (L8 * 0.09) | N8: =((H8-(G8-1))/H8)*(IF(I8<>0,(I8+H8)/H8,1)) | O8: =(N8-(1/6))/(10/6) | P8: 8 | Q8: =IF(F8=1,(((1-((P8-3)/15))*0.5)+0.5),((P8/18)*0.5)) | R8: 1 | S8: 0 | T8: 0 | U8: =IFERROR(T8/S8, 1) | V8: 0 | W8: 3 | X8: =((O8*0.3)+(Q8*0.175)+(R8*0.175)+(U8*0.175)+((1-V8)*0.175))+W8 | Y8: 773832
A9: 46206 | B9: 2 | C9: Michelle | D9: The Wise Mothman | E9: 2.7 | F9: 0 | G9: 2 | H9: 4 | I9: 0 | J9: =F9-(1/H9) | K9: =((I9-((H9-1)/H9))-(-5/6))/((5-(5/6))-(-5/6)) | L9: =E9-((E8+E10+E11)/3) | M9: =0.5 + (L9 * 0.09) | N9: =((H9-(G9-1))/H9)*(IF(I9<>0,(I9+H9)/H9,1)) | O9: =(N9-(1/6))/(10/6) | P9: 8 | Q9: =IF(F9=1,(((1-((P9-3)/15))*0.5)+0.5),((P9/18)*0.5)) | R9: 1 | S9: 0 | T9: 0 | U9: =IFERROR(T9/S9, 1) | V9: 0 | W9: 2 | X9: =((O9*0.3)+(Q9*0.175)+(R9*0.175)+(U9*0.175)+((1-V9)*0.175))+W9 | Y9: 773832
A10: 46206 | B10: 2 | C10: Becca | D10: Killian, Decisive Mentor | E10: 2.7 | F10: 0 | G10: 2 | H10: 4 | I10: 0 | J10: =F10-(1/H10) | K10: =((I10-((H10-1)/H10))-(-5/6))/((5-(5/6))-(-5/6)) | L10: =E10-((E8+E9+E11)/3) | M10: =0.5 + (L10 * 0.09) | N10: =((H10-(G10-1))/H10)*(IF(I10<>0,(I10+H10)/H10,1)) | O10: =(N10-(1/6))/(10/6) | P10: 8 | Q10: =IF(F10=1,(((1-((P10-3)/15))*0.5)+0.5),((P10/18)*0.5)) | R10: 0 | S10: 0 | T10: 0 | U10: =IFERROR(T10/S10, 1) | V10: 0 | W10: 2 | X10: =((O10*0.3)+(Q10*0.175)+(R10*0.175)+(U10*0.175)+((1-V10)*0.175))+W10 | Y10: 773832
A11: 46206 | B11: 2 | C11: Manny | D11: Galadriel, Light of Valinor | E11: 3.6 | F11: 0 | G11: 2 | H11: 4 | I11: 0 | J11: =F11-(1/H11) | K11: =((I11-((H11-1)/H11))-(-5/6))/((5-(5/6))-(-5/6)) | L11: =E11-((E8+E9+E10)/3) | M11: =0.5 + (L11 * 0.09) | N11: =((H11-(G11-1))/H11)*(IF(I11<>0,(I11+H11)/H11,1)) | O11: =(N11-(1/6))/(10/6) | P11: 8 | Q11: =IF(F11=1,(((1-((P11-3)/15))*0.5)+0.5),((P11/18)*0.5)) | R11: 0 | S11: 0 | T11: 0 | U11: =IFERROR(T11/S11, 1) | V11: 1 | W11: 3 | X11: =((O11*0.3)+(Q11*0.175)+(R11*0.175)+(U11*0.175)+((1-V11)*0.175))+W11 | Y11: 773832
A12: 46206 | B12: 3 | C12: Becca | D12: Killian, Decisive Mentor | E12: 2.5 | F12: 1 | G12: 1 | H12: 4 | I12: 1 | J12: =F12-(1/H12) | K12: =((I12-((H12-1)/H12))-(-5/6))/((5-(5/6))-(-5/6)) | L12: =E12-((E13+E14+E15)/3) | M12: =0.5 + (L12 * 0.09) | N12: =((H12-(G12-1))/H12)*(IF(I12<>0,(I12+H12)/H12,1)) | O12: =(N12-(1/6))/(10/6) | P12: 9 | Q12: =IF(F12=1,(((1-((P12-3)/15))*0.5)+0.5),((P12/18)*0.5)) | R12: 1 | S12: 0 | T12: 0 | U12: =IFERROR(T12/S12, 1) | V12: 0 | W12: 2 | X12: =((O12*0.3)+(Q12*0.175)+(R12*0.175)+(U12*0.175)+((1-V12)*0.175))+W12 | Y12: 774108
A13: 46206 | B13: 3 | C13: Manny | D13: Galadriel, Light of Valinor | E13: 3.3 | F13: 0 | G13: 2 | H13: 4 | I13: 1 | J13: =F13-(1/H13) | K13: =((I13-((H13-1)/H13))-(-5/6))/((5-(5/6))-(-5/6)) | L13: =E13-((E12+E14+E15)/3) | M13: =0.5 + (L13 * 0.09) | N13: =((H13-(G13-1))/H13)*(IF(I13<>0,(I13+H13)/H13,1)) | O13: =(N13-(1/6))/(10/6) | P13: 9 | Q13: =IF(F13=1,(((1-((P13-3)/15))*0.5)+0.5),((P13/18)*0.5)) | R13: 0 | S13: 0 | T13: 0 | U13: =IFERROR(T13/S13, 1) | V13: 1 | W13: 3 | X13: =((O13*0.3)+(Q13*0.175)+(R13*0.175)+(U13*0.175)+((1-V13)*0.175))+W13 | Y13: 774108
A14: 46206 | B14: 3 | C14: Michelle | D14: The Wise Mothman | E14: 2.7 | F14: 0 | G14: 3 | H14: 4 | I14: 1 | J14: =F14-(1/H14) | K14: =((I14-((H14-1)/H14))-(-5/6))/((5-(5/6))-(-5/6)) | L14: =E14-((E12+E13+E15)/3) | M14: =0.5 + (L14 * 0.09) | N14: =((H14-(G14-1))/H14)*(IF(I14<>0,(I14+H14)/H14,1)) | O14: =(N14-(1/6))/(10/6) | P14: 8 | Q14: =IF(F14=1,(((1-((P14-3)/15))*0.5)+0.5),((P14/18)*0.5)) | R14: 1 | S14: 1 | T14: 0 | U14: =IFERROR(T14/S14, 1) | V14: 0 | W14: 2 | X14: =((O14*0.3)+(Q14*0.175)+(R14*0.175)+(U14*0.175)+((1-V14)*0.175))+W14 | Y14: 774108
A15: 46206 | B15: 3 | C15: Mateo | D15: Zurgo Stormrender | E15: 3.9 | F15: 0 | G15: 4 | H15: 4 | I15: 0 | J15: =F15-(1/H15) | K15: =((I15-((H15-1)/H15))-(-5/6))/((5-(5/6))-(-5/6)) | L15: =E15-((E12+E13+E14)/3) | M15: =0.5 + (L15 * 0.09) | N15: =((H15-(G15-1))/H15)*(IF(I15<>0,(I15+H15)/H15,1)) | O15: =(N15-(1/6))/(10/6) | P15: 7 | Q15: =IF(F15=1,(((1-((P15-3)/15))*0.5)+0.5),((P15/18)*0.5)) | R15: 1 | S15: 0 | T15: 0 | U15: =IFERROR(T15/S15, 1) | V15: 0 | W15: 3 | X15: =((O15*0.3)+(Q15*0.175)+(R15*0.175)+(U15*0.175)+((1-V15)*0.175))+W15 | Y15: 774108
A16: 46206 | B16: 4 | C16: Mateo | D16: Ureni of the Unwritten | E16: 3.8 | F16: 1 | G16: 1 | H16: 3 | I16: 2 | J16: =F16-(1/H16) | K16: =((I16-((H16-1)/H16))-(-5/6))/((5-(5/6))-(-5/6)) | L16: =E16-((E17+E18)/2) | M16: =0.5 + (L16 * 0.09) | N16: =((H16-(G16-1))/H16)*(IF(I16<>0,(I16+H16)/H16,1)) | O16: =(N16-(1/6))/(10/6) | P16: 8 | Q16: =IF(F16=1,(((1-((P16-3)/15))*0.5)+0.5),((P16/18)*0.5)) | R16: 1 | S16: 0 | T16: 0 | U16: =IFERROR(T16/S16, 1) | V16: 0 | W16: 3 | X16: =((O16*0.3)+(Q16*0.175)+(R16*0.175)+(U16*0.175)+((1-V16)*0.175))+W16 | Y16: 774418
A17: 46206 | B17: 4 | C17: Becca | D17: Killian, Decisive Mentor | E17: 2.9 | F17: 0 | G17: 2 | H17: 3 | I17: 0 | J17: =F17-(1/H17) | K17: =((I17-((H17-1)/H17))-(-5/6))/((5-(5/6))-(-5/6)) | L17: =E17-((E16+E18)/2) | M17: =0.5 + (L17 * 0.09) | N17: =((H17-(G17-1))/H17)*(IF(I17<>0,(I17+H17)/H17,1)) | O17: =(N17-(1/6))/(10/6) | P17: 8 | Q17: =IF(F17=1,(((1-((P17-3)/15))*0.5)+0.5),((P17/18)*0.5)) | R17: 0 | S17: 1 | T17: 0 | U17: =IFERROR(T17/S17, 1) | V17: 0 | W17: 2 | X17: =((O17*0.3)+(Q17*0.175)+(R17*0.175)+(U17*0.175)+((1-V17)*0.175))+W17 | Y17: 774418
A18: 46206 | B18: 4 | C18: Manny | D18: Zada, Hedron Grinder | E18: 2.5 | F18: 0 | G18: 2 | H18: 3 | I18: 0 | J18: =F18-(1/H18) | K18: =((I18-((H18-1)/H18))-(-5/6))/((5-(5/6))-(-5/6)) | L18: =E18-((E16+E17)/2) | M18: =0.5 + (L18 * 0.09) | N18: =((H18-(G18-1))/H18)*(IF(I18<>0,(I18+H18)/H18,1)) | O18: =(N18-(1/6))/(10/6) | P18: 8 | Q18: =IF(F18=1,(((1-((P18-3)/15))*0.5)+0.5),((P18/18)*0.5)) | R18: 0 | S18: 1 | T18: 0 | U18: =IFERROR(T18/S18, 1) | V18: 0 | W18: 2 | X18: =((O18*0.3)+(Q18*0.175)+(R18*0.175)+(U18*0.175)+((1-V18)*0.175))+W18 | Y18: 774418
A19: 46211 | B19: 5 | C19: Becca | D19: Ms. Bumbleflower | E19: 2.5 | F19: 1 | G19: 1 | H19: 4 | I19: 1 | J19: =F19-(1/H19) | K19: =((I19-((H19-1)/H19))-(-5/6))/((5-(5/6))-(-5/6)) | L19: =E19-((E20+E21+E22)/3) | M19: =0.5 + (L19 * 0.09) | N19: =((H19-(G19-1))/H19)*(IF(I19<>0,(I19+H19)/H19,1)) | O19: =(N19-(1/6))/(10/6) | P19: 14 | Q19: =IF(F19=1,(((1-((P19-3)/15))*0.5)+0.5),((P19/18)*0.5)) | R19: 1 | S19: 3 | T19: 2 | U19: =IFERROR(T19/S19, 1) | V19: 0 | W19: 2 | X19: =((O19*0.3)+(Q19*0.175)+(R19*0.175)+(U19*0.175)+((1-V19)*0.175))+W19 | Y19: 787397
A20: 46211 | B20: 5 | C20: Mateo | D20: Captain America, Team Leader | E20: 3.7 | F20: 0 | G20: 2 | H20: 4 | I20: 2 | J20: =F20-(1/H20) | K20: =((I20-((H20-1)/H20))-(-5/6))/((5-(5/6))-(-5/6)) | L20: =E20-((E19+E21+E22)/3) | M20: =0.5 + (L20 * 0.09) | N20: =((H20-(G20-1))/H20)*(IF(I20<>0,(I20+H20)/H20,1)) | O20: =(N20-(1/6))/(10/6) | P20: 14 | Q20: =IF(F20=1,(((1-((P20-3)/15))*0.5)+0.5),((P20/18)*0.5)) | R20: 1 | S20: 5 | T20: 2 | U20: =IFERROR(T20/S20, 1) | V20: 0 | W20: 3 | X20: =((O20*0.3)+(Q20*0.175)+(R20*0.175)+(U20*0.175)+((1-V20)*0.175))+W20 | Y20: 787397
A21: 46211 | B21: 5 | C21: Ryan | D21: Rootha, Mastering the Moment | E21: 3.7 | F21: 0 | G21: 3 | H21: 4 | I21: 0 | J21: =F21-(1/H21) | K21: =((I21-((H21-1)/H21))-(-5/6))/((5-(5/6))-(-5/6)) | L21: =E21-((E19+E20+E22)/3) | M21: =0.5 + (L21 * 0.09) | N21: =((H21-(G21-1))/H21)*(IF(I21<>0,(I21+H21)/H21,1)) | O21: =(N21-(1/6))/(10/6) | P21: 14 | Q21: =IF(F21=1,(((1-((P21-3)/15))*0.5)+0.5),((P21/18)*0.5)) | R21: 1 | S21: 5 | T21: 3 | U21: =IFERROR(T21/S21, 1) | V21: 0 | W21: 3 | X21: =((O21*0.3)+(Q21*0.175)+(R21*0.175)+(U21*0.175)+((1-V21)*0.175))+W21 | Y21: 787397
A22: 46211 | B22: 5 | C22: Manny | D22: Kruphix, God of Horizons | E22: 2.7 | F22: 0 | G22: 4 | H22: 4 | I22: 0 | J22: =F22-(1/H22) | K22: =((I22-((H22-1)/H22))-(-5/6))/((5-(5/6))-(-5/6)) | L22: =E22-((E19+E20+E21)/3) | M22: =0.5 + (L22 * 0.09) | N22: =((H22-(G22-1))/H22)*(IF(I22<>0,(I22+H22)/H22,1)) | O22: =(N22-(1/6))/(10/6) | P22: 12 | Q22: =IF(F22=1,(((1-((P22-3)/15))*0.5)+0.5),((P22/18)*0.5)) | R22: 1 | S22: 1 | T22: 1 | U22: =IFERROR(T22/S22, 1) | V22: 0 | W22: 2 | X22: =((O22*0.3)+(Q22*0.175)+(R22*0.175)+(U22*0.175)+((1-V22)*0.175))+W22 | Y22: 787397
A23: 46220 | B23: 6 | C23: Mateo | D23: Kratos, God of War | E23: 2 | F23: 1 | G23: 1 | H23: 5 | I23: 2 | J23: =F23-(1/H23) | K23: =((I23-((H23-1)/H23))-(-5/6))/((5-(5/6))-(-5/6)) | L23: =E23-((E24+E25+E26+E27)/4) | M23: =0.5 + (L23 * 0.09) | N23: =((H23-(G23-1))/H23)*(IF(I23<>0,(I23+H23)/H23,1)) | O23: =(N23-(1/6))/(10/6) | P23: 9 | Q23: =IF(F23=1,(((1-((P23-3)/15))*0.5)+0.5),((P23/18)*0.5)) | R23: 1 | S23: 0 | T23: 0 | U23: =IFERROR(T23/S23, 1) | V23: 0 | W23: 2 | X23: =((O23*0.3)+(Q23*0.175)+(R23*0.175)+(U23*0.175)+((1-V23)*0.175))+W23 | Y23: 823975
A24: 46220 | B24: 6 | C24: Joseph | D24: Ultima, Origin of Oblivion | E24: 3 | F24: 0 | G24: 2 | H24: 5 | I24: 2 | J24: =F24-(1/H24) | K24: =((I24-((H24-1)/H24))-(-5/6))/((5-(5/6))-(-5/6)) | L24: =E24-((E23+E25+E26+E27)/4) | M24: =0.5 + (L24 * 0.09) | N24: =((H24-(G24-1))/H24)*(IF(I24<>0,(I24+H24)/H24,1)) | O24: =(N24-(1/6))/(10/6) | P24: 9 | Q24: =IF(F24=1,(((1-((P24-3)/15))*0.5)+0.5),((P24/18)*0.5)) | R24: 1 | S24: 0 | T24: 0 | U24: =IFERROR(T24/S24, 1) | V24: 0 | W24: 3 | X24: =((O24*0.3)+(Q24*0.175)+(R24*0.175)+(U24*0.175)+((1-V24)*0.175))+W24 | Y24: 823975
A25: 46220 | B25: 6 | C25: Manny | D25: Kruphix, God of Horizons | E25: 2.6 | F25: 0 | G25: 3 | H25: 5 | I25: 0 | J25: =F25-(1/H25) | K25: =((I25-((H25-1)/H25))-(-5/6))/((5-(5/6))-(-5/6)) | L25: =E25-((E23+E24+E26+E27)/4) | M25: =0.5 + (L25 * 0.09) | N25: =((H25-(G25-1))/H25)*(IF(I25<>0,(I25+H25)/H25,1)) | O25: =(N25-(1/6))/(10/6) | P25: 8 | Q25: =IF(F25=1,(((1-((P25-3)/15))*0.5)+0.5),((P25/18)*0.5)) | R25: 0 | S25: 0 | T25: 0 | U25: =IFERROR(T25/S25, 1) | V25: 0 | W25: 2 | X25: =((O25*0.3)+(Q25*0.175)+(R25*0.175)+(U25*0.175)+((1-V25)*0.175))+W25 | Y25: 823975
A26: 46220 | B26: 6 | C26: Ryan | D26: Ashling, The Limitless | E26: 3.5 | F26: 0 | G26: 4 | H26: 5 | I26: 0 | J26: =F26-(1/H26) | K26: =((I26-((H26-1)/H26))-(-5/6))/((5-(5/6))-(-5/6)) | L26: =E26-((E23+E24+E25+E27)/4) | M26: =0.5 + (L26 * 0.09) | N26: =((H26-(G26-1))/H26)*(IF(I26<>0,(I26+H26)/H26,1)) | O26: =(N26-(1/6))/(10/6) | P26: 8 | Q26: =IF(F26=1,(((1-((P26-3)/15))*0.5)+0.5),((P26/18)*0.5)) | R26: 0 | S26: 0 | T26: 0 | U26: =IFERROR(T26/S26, 1) | V26: 0 | W26: 3 | X26: =((O26*0.3)+(Q26*0.175)+(R26*0.175)+(U26*0.175)+((1-V26)*0.175))+W26 | Y26: 823975
A27: 46220 | B27: 6 | C27: Kristy | D27: Doctor Doom, King of Latveria | E27: 2 | F27: 0 | G27: 5 | H27: 5 | I27: 0 | J27: =F27-(1/H27) | K27: =((I27-((H27-1)/H27))-(-5/6))/((5-(5/6))-(-5/6)) | L27: =E27-((E23+E24+E25+E26)/4) | M27: =0.5 + (L27 * 0.09) | N27: =((H27-(G27-1))/H27)*(IF(I27<>0,(I27+H27)/H27,1)) | O27: =(N27-(1/6))/(10/6) | P27: 8 | Q27: =IF(F27=1,(((1-((P27-3)/15))*0.5)+0.5),((P27/18)*0.5)) | R27: 0 | S27: 0 | T27: 0 | U27: =IFERROR(T27/S27, 1) | V27: 0 | W27: 2 | X27: =((O27*0.3)+(Q27*0.175)+(R27*0.175)+(U27*0.175)+((1-V27)*0.175))+W27 | Y27: 823975
A28: 46220 | B28: 7 | C28: Manny | D28: Aragorn, the Uniter | E28: 3.5 | F28: 1 | G28: 1 | H28: 4 | I28: 2 | J28: =F28-(1/H28) | K28: =((I28-((H28-1)/H28))-(-5/6))/((5-(5/6))-(-5/6)) | L28: =E28-((E29+E30+E31)/3) | M28: =0.5 + (L28 * 0.09) | N28: =((H28-(G28-1))/H28)*(IF(I28<>0,(I28+H28)/H28,1)) | O28: =(N28-(1/6))/(10/6) | P28: 8 | Q28: =IF(F28=1,(((1-((P28-3)/15))*0.5)+0.5),((P28/18)*0.5)) | R28: 1 | S28: 0 | T28: 0 | U28: =IFERROR(T28/S28, 1) | V28: 0 | W28: 3 | X28: =((O28*0.3)+(Q28*0.175)+(R28*0.175)+(U28*0.175)+((1-V28)*0.175))+W28 | Y28: 824881
A29: 46220 | B29: 7 | C29: Ryan | D29: Arna Kennerud, Skycaptain | E29: 2 | F29: 0 | G29: 2 | H29: 4 | I29: 1 | J29: =F29-(1/H29) | K29: =((I29-((H29-1)/H29))-(-5/6))/((5-(5/6))-(-5/6)) | L29: =E29-((E28+E30+E31)/3) | M29: =0.5 + (L29 * 0.09) | N29: =((H29-(G29-1))/H29)*(IF(I29<>0,(I29+H29)/H29,1)) | O29: =(N29-(1/6))/(10/6) | P29: 8 | Q29: =IF(F29=1,(((1-((P29-3)/15))*0.5)+0.5),((P29/18)*0.5)) | R29: 1 | S29: 0 | T29: 0 | U29: =IFERROR(T29/S29, 1) | V29: 0 | W29: 2 | X29: =((O29*0.3)+(Q29*0.175)+(R29*0.175)+(U29*0.175)+((1-V29)*0.175))+W29 | Y29: 824881
A30: 46220 | B30: 7 | C30: Mateo | D30: Captain America, Team Leader | E30: 3.7 | F30: 0 | G30: 2 | H30: 4 | I30: 0 | J30: =F30-(1/H30) | K30: =((I30-((H30-1)/H30))-(-5/6))/((5-(5/6))-(-5/6)) | L30: =E30-((E28+E29+E31)/3) | M30: =0.5 + (L30 * 0.09) | N30: =((H30-(G30-1))/H30)*(IF(I30<>0,(I30+H30)/H30,1)) | O30: =(N30-(1/6))/(10/6) | P30: 8 | Q30: =IF(F30=1,(((1-((P30-3)/15))*0.5)+0.5),((P30/18)*0.5)) | R30: 0 | S30: 0 | T30: 0 | U30: =IFERROR(T30/S30, 1) | V30: 0 | W30: 3 | X30: =((O30*0.3)+(Q30*0.175)+(R30*0.175)+(U30*0.175)+((1-V30)*0.175))+W30 | Y30: 824881
A31: 46220 | B31: 7 | C31: Becca | D31: Ms. Bumbleflower | E31: 2.8 | F31: 0 | G31: 4 | H31: 4 | I31: 0 | J31: =F31-(1/H31) | K31: =((I31-((H31-1)/H31))-(-5/6))/((5-(5/6))-(-5/6)) | L31: =E31-((E28+E29+E30)/3) | M31: =0.5 + (L31 * 0.09) | N31: =((H31-(G31-1))/H31)*(IF(I31<>0,(I31+H31)/H31,1)) | O31: =(N31-(1/6))/(10/6) | P31: 8 | Q31: =IF(F31=1,(((1-((P31-3)/15))*0.5)+0.5),((P31/18)*0.5)) | R31: 0 | S31: 0 | T31: 0 | U31: =IFERROR(T31/S31, 1) | V31: 0 | W31: 2 | X31: =((O31*0.3)+(Q31*0.175)+(R31*0.175)+(U31*0.175)+((1-V31)*0.175))+W31 | Y31: 824881
A32: 46225 | B32: 8 | C32: Manny | D32: Galadriel, Light of Valinor | E32: 3.4 | F32: 1 | G32: 1 | H32: 3 | I32: 2 | J32: =F32-(1/H32) | K32: =((I32-((H32-1)/H32))-(-5/6))/((5-(5/6))-(-5/6)) | L32: =E32-((E33+E34)/2) | M32: =0.5 + (L32 * 0.09) | N32: =((H32-(G32-1))/H32)*(IF(I32<>0,(I32+H32)/H32,1)) | O32: =(N32-(1/6))/(10/6) | P32: 9 | Q32: =IF(F32=1,(((1-((P32-3)/15))*0.5)+0.5),((P32/18)*0.5)) | R32: 1 | S32: 0 | T32: 0 | U32: =IFERROR(T32/S32, 1) | V32: 0 | W32: 3 | X32: =((O32*0.3)+(Q32*0.175)+(R32*0.175)+(U32*0.175)+((1-V32)*0.175))+W32 | Y32: 848075
A33: 46225 | B33: 8 | C33: Becca | D33: Eshki, Temur's Roar (Manny's) | E33: 2 | F33: 0 | G33: 2 | H33: 3 | I33: 0 | J33: =F33-(1/H33) | K33: =((I33-((H33-1)/H33))-(-5/6))/((5-(5/6))-(-5/6)) | L33: =E33-((E32+E34)/2) | M33: =0.5 + (L33 * 0.09) | N33: =((H33-(G33-1))/H33)*(IF(I33<>0,(I33+H33)/H33,1)) | O33: =(N33-(1/6))/(10/6) | P33: 9 | Q33: =IF(F33=1,(((1-((P33-3)/15))*0.5)+0.5),((P33/18)*0.5)) | R33: 0 | S33: 0 | T33: 0 | U33: =IFERROR(T33/S33, 1) | V33: 0 | W33: 2 | X33: =((O33*0.3)+(Q33*0.175)+(R33*0.175)+(U33*0.175)+((1-V33)*0.175))+W33 | Y33: 848075
A34: 46225 | B34: 8 | C34: Ryan | D34: Witherbloom, The Balancer | E34: 2.4 | F34: 0 | G34: 3 | H34: 3 | I34: 0 | J34: =F34-(1/H34) | K34: =((I34-((H34-1)/H34))-(-5/6))/((5-(5/6))-(-5/6)) | L34: =E34-((E32+E33)/2) | M34: =0.5 + (L34 * 0.09) | N34: =((H34-(G34-1))/H34)*(IF(I34<>0,(I34+H34)/H34,1)) | O34: =(N34-(1/6))/(10/6) | P34: 8 | Q34: =IF(F34=1,(((1-((P34-3)/15))*0.5)+0.5),((P34/18)*0.5)) | R34: 1 | S34: 0 | T34: 0 | U34: =IFERROR(T34/S34, 1) | V34: 0 | W34: 2 | X34: =((O34*0.3)+(Q34*0.175)+(R34*0.175)+(U34*0.175)+((1-V34)*0.175))+W34 | Y34: 848075
A35: 46227 | B35: 9 | C35: Manny | D35: Galadriel, Light of Valinor | E35: 3.9 | F35: 1 | G35: 1 | H35: 4 | I35: 3 | J35: =F35-(1/H35) | K35: =((I35-((H35-1)/H35))-(-5/6))/((5-(5/6))-(-5/6)) | L35: =E35-((E36+E37+E38)/3) | M35: =0.5 + (L35 * 0.09) | N35: =((H35-(G35-1))/H35)*(IF(I35<>0,(I35+H35)/H35,1)) | O35: =(N35-(1/6))/(10/6) | P35: 13 | Q35: =IF(F35=1,(((1-((P35-3)/15))*0.5)+0.5),((P35/18)*0.5)) | R35: 1 | S35: 2 | T35: 1 | U35: =IFERROR(T35/S35, 1) | V35: 0 | W35: 3 | X35: =((O35*0.3)+(Q35*0.175)+(R35*0.175)+(U35*0.175)+((1-V35)*0.175))+W35 | Y35: 862064
A36: 46227 | B36: 9 | C36: Ryan | D36: Preston Garvey, Minuteman | E36: 3.5 | F36: 0 | G36: 2 | H36: 4 | I36: 0 | J36: =F36-(1/H36) | K36: =((I36-((H36-1)/H36))-(-5/6))/((5-(5/6))-(-5/6)) | L36: =E36-((E35+E37+E38)/3) | M36: =0.5 + (L36 * 0.09) | N36: =((H36-(G36-1))/H36)*(IF(I36<>0,(I36+H36)/H36,1)) | O36: =(N36-(1/6))/(10/6) | P36: 13 | Q36: =IF(F36=1,(((1-((P36-3)/15))*0.5)+0.5),((P36/18)*0.5)) | R36: 1 | S36: 2 | T36: 1 | U36: =IFERROR(T36/S36, 1) | V36: 0 | W36: 3 | X36: =((O36*0.3)+(Q36*0.175)+(R36*0.175)+(U36*0.175)+((1-V36)*0.175))+W36 | Y36: 862064
A37: 46227 | B37: 9 | C37: Mateo | D37: Kratos, God of War | E37: 2.9 | F37: 0 | G37: 2 | H37: 4 | I37: 0 | J37: =F37-(1/H37) | K37: =((I37-((H37-1)/H37))-(-5/6))/((5-(5/6))-(-5/6)) | L37: =E37-((E35+E36+E38)/3) | M37: =0.5 + (L37 * 0.09) | N37: =((H37-(G37-1))/H37)*(IF(I37<>0,(I37+H37)/H37,1)) | O37: =(N37-(1/6))/(10/6) | P37: 13 | Q37: =IF(F37=1,(((1-((P37-3)/15))*0.5)+0.5),((P37/18)*0.5)) | R37: 0 | S37: 3 | T37: 2 | U37: =IFERROR(T37/S37, 1) | V37: 1 | W37: 2 | X37: =((O37*0.3)+(Q37*0.175)+(R37*0.175)+(U37*0.175)+((1-V37)*0.175))+W37 | Y37: 862064
A38: 46227 | B38: 9 | C38: Michelle | D38: Lucy MacLean, Positively Armed | E38: 2 | F38: 0 | G38: 2 | H38: 4 | I38: 0 | J38: =F38-(1/H38) | K38: =((I38-((H38-1)/H38))-(-5/6))/((5-(5/6))-(-5/6)) | L38: =E38-((E35+E36+E37)/3) | M38: =0.5 + (L38 * 0.09) | N38: =((H38-(G38-1))/H38)*(IF(I38<>0,(I38+H38)/H38,1)) | O38: =(N38-(1/6))/(10/6) | P38: 13 | Q38: =IF(F38=1,(((1-((P38-3)/15))*0.5)+0.5),((P38/18)*0.5)) | R38: 0 | S38: 2 | T38: 1 | U38: =IFERROR(T38/S38, 1) | V38: 0 | W38: 2 | X38: =((O38*0.3)+(Q38*0.175)+(R38*0.175)+(U38*0.175)+((1-V38)*0.175))+W38 | Y38: 862064
A39: 46227 | B39: 10 | C39: Mateo | D39: Chatterfang, Squirrel General | E39: 3 | F39: 1 | G39: 1 | H39: 3 | I39: 2 | J39: =F39-(1/H39) | K39: =((I39-((H39-1)/H39))-(-5/6))/((5-(5/6))-(-5/6)) | L39: =E39-((E40+E41)/2) | M39: =0.5 + (L39 * 0.09) | N39: =((H39-(G39-1))/H39)*(IF(I39<>0,(I39+H39)/H39,1)) | O39: =(N39-(1/6))/(10/6) | P39: 9 | Q39: =IF(F39=1,(((1-((P39-3)/15))*0.5)+0.5),((P39/18)*0.5)) | R39: 1 | S39: 0 | T39: 0 | U39: =IFERROR(T39/S39, 1) | V39: 0 | W39: 3 | X39: =((O39*0.3)+(Q39*0.175)+(R39*0.175)+(U39*0.175)+((1-V39)*0.175))+W39 | Y39: 863208
A40: 46227 | B40: 10 | C40: Manny | D40: Kruphix, God of Horizons | E40: 2.5 | F40: 0 | G40: 2 | H40: 3 | I40: 0 | J40: =F40-(1/H40) | K40: =((I40-((H40-1)/H40))-(-5/6))/((5-(5/6))-(-5/6)) | L40: =E40-((E39+E41)/2) | M40: =0.5 + (L40 * 0.09) | N40: =((H40-(G40-1))/H40)*(IF(I40<>0,(I40+H40)/H40,1)) | O40: =(N40-(1/6))/(10/6) | P40: 9 | Q40: =IF(F40=1,(((1-((P40-3)/15))*0.5)+0.5),((P40/18)*0.5)) | R40: 0 | S40: 0 | T40: 0 | U40: =IFERROR(T40/S40, 1) | V40: 0 | W40: 2 | X40: =((O40*0.3)+(Q40*0.175)+(R40*0.175)+(U40*0.175)+((1-V40)*0.175))+W40 | Y40: 863208
A41: 46227 | B41: 10 | C41: Ryan | D41: Namor the Sub-Mariner | E41: 3 | F41: 0 | G41: 2 | H41: 3 | I41: 0 | J41: =F41-(1/H41) | K41: =((I41-((H41-1)/H41))-(-5/6))/((5-(5/6))-(-5/6)) | L41: =E41-((E39+E40)/2) | M41: =0.5 + (L41 * 0.09) | N41: =((H41-(G41-1))/H41)*(IF(I41<>0,(I41+H41)/H41,1)) | O41: =(N41-(1/6))/(10/6) | P41: 9 | Q41: =IF(F41=1,(((1-((P41-3)/15))*0.5)+0.5),((P41/18)*0.5)) | R41: 0 | S41: 0 | T41: 0 | U41: =IFERROR(T41/S41, 1) | V41: 1 | W41: 3 | X41: =((O41*0.3)+(Q41*0.175)+(R41*0.175)+(U41*0.175)+((1-V41)*0.175))+W41 | Y41: 863208
A42: 46228 | B42: 11 | C42: Ryan | D42: Arna Kennerud, Skycaptain | E42: 2.7 | F42: 1 | G42: 1 | H42: 3 | I42: 2 | J42: =F42-(1/H42) | K42: =((I42-((H42-1)/H42))-(-5/6))/((5-(5/6))-(-5/6)) | L42: =E42-((E43+E44)/2) | M42: =0.5 + (L42 * 0.09) | N42: =((H42-(G42-1))/H42)*(IF(I42<>0,(I42+H42)/H42,1)) | O42: =(N42-(1/6))/(10/6) | P42: 8 | Q42: =IF(F42=1,(((1-((P42-3)/15))*0.5)+0.5),((P42/18)*0.5)) | R42: 1 | S42: 0 | T42: 0 | U42: =IFERROR(T42/S42, 1) | V42: 0 | W42: 2 | X42: =((O42*0.3)+(Q42*0.175)+(R42*0.175)+(U42*0.175)+((1-V42)*0.175))+W42 | Y42: 868917
A43: 46228 | B43: 11 | C43: Manny | D43: Zada, Hedron Grinder | E43: 2.3 | F43: 0 | G43: 2 | H43: 3 | I43: 0 | J43: =F43-(1/H43) | K43: =((I43-((H43-1)/H43))-(-5/6))/((5-(5/6))-(-5/6)) | L43: =E43-((E42+E44)/2) | M43: =0.5 + (L43 * 0.09) | N43: =((H43-(G43-1))/H43)*(IF(I43<>0,(I43+H43)/H43,1)) | O43: =(N43-(1/6))/(10/6) | P43: 8 | Q43: =IF(F43=1,(((1-((P43-3)/15))*0.5)+0.5),((P43/18)*0.5)) | R43: 1 | S43: 0 | T43: 0 | U43: =IFERROR(T43/S43, 1) | V43: 0 | W43: 2 | X43: =((O43*0.3)+(Q43*0.175)+(R43*0.175)+(U43*0.175)+((1-V43)*0.175))+W43 | Y43: 868917
A44: 46228 | B44: 11 | C44: Mateo | D44: Captain America, Team Leader | E44: 3.5 | F44: 0 | G44: 2 | H44: 3 | I44: 0 | J44: =F44-(1/H44) | K44: =((I44-((H44-1)/H44))-(-5/6))/((5-(5/6))-(-5/6)) | L44: =E44-((E42+E43)/2) | M44: =0.5 + (L44 * 0.09) | N44: =((H44-(G44-1))/H44)*(IF(I44<>0,(I44+H44)/H44,1)) | O44: =(N44-(1/6))/(10/6) | P44: 8 | Q44: =IF(F44=1,(((1-((P44-3)/15))*0.5)+0.5),((P44/18)*0.5)) | R44: 1 | S44: 0 | T44: 0 | U44: =IFERROR(T44/S44, 1) | V44: 0 | W44: 3 | X44: =((O44*0.3)+(Q44*0.175)+(R44*0.175)+(U44*0.175)+((1-V44)*0.175))+W44 | Y44: 868917
A45: 46228 | B45: 12 | C45: Mateo | D45: Kratos, God of War | E45: 2.3 | F45: 1 | G45: 1 | H45: 3 | I45: 2 | J45: =F45-(1/H45) | K45: =((I45-((H45-1)/H45))-(-5/6))/((5-(5/6))-(-5/6)) | L45: =E45-((E46+E47)/2) | M45: =0.5 + (L45 * 0.09) | N45: =((H45-(G45-1))/H45)*(IF(I45<>0,(I45+H45)/H45,1)) | O45: =(N45-(1/6))/(10/6) | P45: 7 | Q45: =IF(F45=1,(((1-((P45-3)/15))*0.5)+0.5),((P45/18)*0.5)) | R45: 1 | S45: 0 | T45: 0 | U45: =IFERROR(T45/S45, 1) | V45: 0 | W45: 2 | X45: =((O45*0.3)+(Q45*0.175)+(R45*0.175)+(U45*0.175)+((1-V45)*0.175))+W45 | Y45: 869357
A46: 46228 | B46: 12 | C46: Manny | D46: Kruphix, God of Horizons | E46: 2.5 | F46: 0 | G46: 2 | H46: 3 | I46: 0 | J46: =F46-(1/H46) | K46: =((I46-((H46-1)/H46))-(-5/6))/((5-(5/6))-(-5/6)) | L46: =E46-((E45+E47)/2) | M46: =0.5 + (L46 * 0.09) | N46: =((H46-(G46-1))/H46)*(IF(I46<>0,(I46+H46)/H46,1)) | O46: =(N46-(1/6))/(10/6) | P46: 7 | Q46: =IF(F46=1,(((1-((P46-3)/15))*0.5)+0.5),((P46/18)*0.5)) | R46: 0 | S46: 0 | T46: 0 | U46: =IFERROR(T46/S46, 1) | V46: 1 | W46: 2 | X46: =((O46*0.3)+(Q46*0.175)+(R46*0.175)+(U46*0.175)+((1-V46)*0.175))+W46 | Y46: 869357
A47: 46228 | B47: 12 | C47: Ryan | D47: Rootha, Mastering the Moment | E47: 3.6 | F47: 0 | G47: 3 | H47: 3 | I47: 0 | J47: =F47-(1/H47) | K47: =((I47-((H47-1)/H47))-(-5/6))/((5-(5/6))-(-5/6)) | L47: =E47-((E45+E46)/2) | M47: =0.5 + (L47 * 0.09) | N47: =((H47-(G47-1))/H47)*(IF(I47<>0,(I47+H47)/H47,1)) | O47: =(N47-(1/6))/(10/6) | P47: 6 | Q47: =IF(F47=1,(((1-((P47-3)/15))*0.5)+0.5),((P47/18)*0.5)) | R47: 1 | S47: 0 | T47: 0 | U47: =IFERROR(T47/S47, 1) | V47: 0 | W47: 3 | X47: =((O47*0.3)+(Q47*0.175)+(R47*0.175)+(U47*0.175)+((1-V47)*0.175))+W47 | Y47: 869357
A48: 46228 | B48: 13 | C48: Ryan | D48: Namor the Sub-Mariner | E48: 3.3 | F48: 1 | G48: 1 | H48: 3 | I48: 2 | J48: =F48-(1/H48) | K48: =((I48-((H48-1)/H48))-(-5/6))/((5-(5/6))-(-5/6)) | L48: =E48-((E49+E50)/2) | M48: =0.5 + (L48 * 0.09) | N48: =((H48-(G48-1))/H48)*(IF(I48<>0,(I48+H48)/H48,1)) | O48: =(N48-(1/6))/(10/6) | P48: 11 | Q48: =IF(F48=1,(((1-((P48-3)/15))*0.5)+0.5),((P48/18)*0.5)) | R48: 1 | S48: 0 | T48: 0 | U48: =IFERROR(T48/S48, 1) | V48: 0 | W48: 3 | X48: =((O48*0.3)+(Q48*0.175)+(R48*0.175)+(U48*0.175)+((1-V48)*0.175))+W48 | Y48: 869611
A49: 46228 | B49: 13 | C49: Manny | D49: Avatar Aang | E49: 3 | F49: 0 | G49: 2 | H49: 3 | I49: 0 | J49: =F49-(1/H49) | K49: =((I49-((H49-1)/H49))-(-5/6))/((5-(5/6))-(-5/6)) | L49: =E49-((E48+E50)/2) | M49: =0.5 + (L49 * 0.09) | N49: =((H49-(G49-1))/H49)*(IF(I49<>0,(I49+H49)/H49,1)) | O49: =(N49-(1/6))/(10/6) | P49: 11 | Q49: =IF(F49=1,(((1-((P49-3)/15))*0.5)+0.5),((P49/18)*0.5)) | R49: 0 | S49: 0 | T49: 0 | U49: =IFERROR(T49/S49, 1) | V49: 0 | W49: 3 | X49: =((O49*0.3)+(Q49*0.175)+(R49*0.175)+(U49*0.175)+((1-V49)*0.175))+W49 | Y49: 869611
A50: 46228 | B50: 13 | C50: Mateo | D50: Yuna, Grand Summoner | E50: 3.7 | F50: 0 | G50: 3 | H50: 3 | I50: 0 | J50: =F50-(1/H50) | K50: =((I50-((H50-1)/H50))-(-5/6))/((5-(5/6))-(-5/6)) | L50: =E50-((E48+E49)/2) | M50: =0.5 + (L50 * 0.09) | N50: =((H50-(G50-1))/H50)*(IF(I50<>0,(I50+H50)/H50,1)) | O50: =(N50-(1/6))/(10/6) | P50: 9 | Q50: =IF(F50=1,(((1-((P50-3)/15))*0.5)+0.5),((P50/18)*0.5)) | R50: 1 | S50: 0 | T50: 0 | U50: =IFERROR(T50/S50, 1) | V50: 0 | W50: 3 | X50: =((O50*0.3)+(Q50*0.175)+(R50*0.175)+(U50*0.175)+((1-V50)*0.175))+W50 | Y50: 869611
A51: 46236 | B51: 14 | C51: Manny | D51: Kruphix, God of Horizons | E51: 2.3 | F51: 1 | G51: 1 | H51: 3 | I51: 2 | J51: =F51-(1/H51) | K51: =((I51-((H51-1)/H51))-(-5/6))/((5-(5/6))-(-5/6)) | L51: =E51-((E52+E53)/2) | M51: =0.5+(L51*0.09) | N51: =((H51-(G51-1))/H51)*(IF(I51<>0,(I51+H51)/H51,1)) | O51: =(N51-(1/6))/(10/6) | P51: 8 | Q51: =IF(F51=1,(((1-((P51-3)/15))*0.5)+0.5),((P51/18)*0.5)) | R51: 1 | S51: 0 | T51: 0 | U51: =IFERROR(T51/S51, 1) | V51: 0 | W51: 2 | X51: =((O51*0.3)+(Q51*0.175)+(R51*0.175)+(U51*0.175)+((1-V51)*0.175))+W51 | Y51: 913140
A52: 46236 | B52: 14 | C52: Michelle | D52: The Wise Mothman | E52: 2.5 | F52: 0 | G52: 2 | H52: 3 | I52: 0 | J52: =F52-(1/H52) | K52: =((I52-((H52-1)/H52))-(-5/6))/((5-(5/6))-(-5/6)) | L52: =E52-((E51+E53)/2) | M52: =0.5+(L52*0.09) | N52: =((H52-(G52-1))/H52)*(IF(I52<>0,(I52+H52)/H52,1)) | O52: =(N52-(1/6))/(10/6) | P52: 8 | Q52: =IF(F52=1,(((1-((P52-3)/15))*0.5)+0.5),((P52/18)*0.5)) | R52: 0 | S52: 1 | T52: 0 | U52: =IFERROR(T52/S52, 1) | V52: 0 | W52: 2 | X52: =((O52*0.3)+(Q52*0.175)+(R52*0.175)+(U52*0.175)+((1-V52)*0.175))+W52 | Y52: 913140
A53: 46236 | B53: 14 | C53: Ryan | D53: Preston Garvey, Minuteman | E53: 3.6 | F53: 0 | G53: 3 | H53: 3 | I53: 0 | J53: =F53-(1/H53) | K53: =((I53-((H53-1)/H53))-(-5/6))/((5-(5/6))-(-5/6)) | L53: =E53-((E51+E52)/2) | M53: =0.5+(L53*0.09) | N53: =((H53-(G53-1))/H53)*(IF(I53<>0,(I53+H53)/H53,1)) | O53: =(N53-(1/6))/(10/6) | P53: 7 | Q53: =IF(F53=1,(((1-((P53-3)/15))*0.5)+0.5),((P53/18)*0.5)) | R53: 0 | S53: 1 | T53: 0 | U53: =IFERROR(T53/S53, 1) | V53: 0 | W53: 3 | X53: =((O53*0.3)+(Q53*0.175)+(R53*0.175)+(U53*0.175)+((1-V53)*0.175))+W53 | Y53: 913140
A54: 46242 | B54: 15 | C54: Manny | D54: Sokka, Tenacious Tactician | E54: 3 | F54: 0 | G54: 2 | H54: 4 | I54: 0 | J54: =F54-(1/H54) | K54: =((I54-((H54-1)/H54))-(-5/6))/((5-(5/6))-(-5/6)) | L54: =E54-((E55+E56+E57)/3) | M54: =0.5+(L54*0.09) | N54: =((H54-(G54-1))/H54)*(IF(I54<>0,(I54+H54)/H54,1)) | O54: =(N54-(1/6))/(10/6) | P54: 10 | Q54: =IF(F54=1,(((1-((P54-3)/15))*0.5)+0.5),((P54/18)*0.5)) | R54: 1 | S54: 0 | T54: 0 | U54: =IFERROR(T54/S54, 1) | V54: 0 | W54: 3 | X54: =((O54*0.3)+(Q54*0.175)+(R54*0.175)+(U54*0.175)+((1-V54)*0.175))+W54 | Y54: 944159
A55: 46242 | B55: 15 | C55: Mateo | D55: Quintorius, History Chaser | E55: 2.9 | F55: 0 | G55: 4 | H55: 4 | I55: 0 | J55: =F55-(1/H55) | K55: =((I55-((H55-1)/H55))-(-5/6))/((5-(5/6))-(-5/6)) | L55: =E55-((E54+E56+E57)/3) | M55: =0.5+(L55*0.09) | N55: =((H55-(G55-1))/H55)*(IF(I55<>0,(I55+H55)/H55,1)) | O55: =(N55-(1/6))/(10/6) | P55: 9 | Q55: =IF(F55=1,(((1-((P55-3)/15))*0.5)+0.5),((P55/18)*0.5)) | R55: 0 | S55: 2 | T55: 1 | U55: =IFERROR(T55/S55, 1) | V55: 0 | W55: 2 | X55: =((O55*0.3)+(Q55*0.175)+(R55*0.175)+(U55*0.175)+((1-V55)*0.175))+W55 | Y55: 944159
A56: 46242 | B56: 15 | C56: Becca | D56: Katara, the Fearless | E56: 2 | F56: 1 | G56: 1 | H56: 4 | I56: 2 | J56: =F56-(1/H56) | K56: =((I56-((H56-1)/H56))-(-5/6))/((5-(5/6))-(-5/6)) | L56: =E56-((E54+E55+E57)/3) | M56: =0.5+(L56*0.09) | N56: =((H56-(G56-1))/H56)*(IF(I56<>0,(I56+H56)/H56,1)) | O56: =(N56-(1/6))/(10/6) | P56: 10 | Q56: =IF(F56=1,(((1-((P56-3)/15))*0.5)+0.5),((P56/18)*0.5)) | R56: 1 | S56: 0 | T56: 0 | U56: =IFERROR(T56/S56, 1) | V56: 0 | W56: 2 | X56: =((O56*0.3)+(Q56*0.175)+(R56*0.175)+(U56*0.175)+((1-V56)*0.175))+W56 | Y56: 944159
A57: 46242 | B57: 15 | C57: Ryan | D57: Arna Kennerüd, Skycaptain | E57: 2.9 | F57: 0 | G57: 3 | H57: 4 | I57: 1 | J57: =F57-(1/H57) | K57: =((I57-((H57-1)/H57))-(-5/6))/((5-(5/6))-(-5/6)) | L57: =E57-((E54+E55+E56)/3) | M57: =0.5+(L57*0.09) | N57: =((H57-(G57-1))/H57)*(IF(I57<>0,(I57+H57)/H57,1)) | O57: =(N57-(1/6))/(10/6) | P57: 10 | Q57: =IF(F57=1,(((1-((P57-3)/15))*0.5)+0.5),((P57/18)*0.5)) | R57: 1 | S57: 2 | T57: 0 | U57: =IFERROR(T57/S57, 1) | V57: 0 | W57: 2 | X57: =((O57*0.3)+(Q57*0.175)+(R57*0.175)+(U57*0.175)+((1-V57)*0.175))+W57 | Y57: 944159

Sheet Current Deck Strength
A1: Decks | B1: Current Deck Strength | D1: Baseline (used until a game is logged) | E1: Playgroup Deck ID
A2: Becca | B2: =AVERAGE(B3:B7)
A3: Ms. Bumbleflower | B3: =IFERROR(LOOKUP(2,1/(('Game Log Season 3'!$C$3:$C$1000="Becca")*('Game Log Season 3'!$D$3:$D$1000=A3)*('Game Log Season 3'!$X$3:$X$1000<>"")),'Game Log Season 3'!$X$3:$X$1000), D3) | D3: 2.4 | E3: 560453
A4: Aminatou, Veil Piercer | B4: =IFERROR(LOOKUP(2,1/(('Game Log Season 3'!$C$3:$C$1000="Becca")*('Game Log Season 3'!$D$3:$D$1000=A4)*('Game Log Season 3'!$X$3:$X$1000<>"")),'Game Log Season 3'!$X$3:$X$1000), D4) | C4: *Bracket 4 review (1 game no infinite combos) | D4: 3.7 | E4: 560452
A5: Killian, Decisive Mentor | B5: =IFERROR(LOOKUP(2,1/(('Game Log Season 3'!$C$3:$C$1000="Becca")*('Game Log Season 3'!$D$3:$D$1000=A5)*('Game Log Season 3'!$X$3:$X$1000<>"")),'Game Log Season 3'!$X$3:$X$1000), D5) | D5: 2.3 | E5: 648625
A6: Eshki, Temur's Roar (Manny's) | B6: =IFERROR(LOOKUP(2,1/(('Game Log Season 3'!$C$3:$C$1000="Becca")*('Game Log Season 3'!$D$3:$D$1000=A6)*('Game Log Season 3'!$X$3:$X$1000<>"")),'Game Log Season 3'!$X$3:$X$1000), D6) | D6: 2.5
A7: Katara, the Fearless | B7: =IFERROR(LOOKUP(2,1/(('Game Log Season 3'!$C$3:$C$1000="Becca")*('Game Log Season 3'!$D$3:$D$1000=A7)*('Game Log Season 3'!$X$3:$X$1000<>"")),'Game Log Season 3'!$X$3:$X$1000), D7) | C7: *Bracket 2 | D7: 2 | E7: 797189
A8: Manny | B8: =AVERAGE(B9:B21)
A9: Galadriel, Light of Valinor | B9: =IFERROR(LOOKUP(2,1/(('Game Log Season 3'!$C$3:$C$1000="Manny")*('Game Log Season 3'!$D$3:$D$1000=A9)*('Game Log Season 3'!$X$3:$X$1000<>"")),'Game Log Season 3'!$X$3:$X$1000), D9) | D9: 3.8 | E9: 626865
A10: Atraxa, Praetor's Voice | B10: =IFERROR(LOOKUP(2,1/(('Game Log Season 3'!$C$3:$C$1000="Manny")*('Game Log Season 3'!$D$3:$D$1000=A10)*('Game Log Season 3'!$X$3:$X$1000<>"")),'Game Log Season 3'!$X$3:$X$1000), D10) | D10: 3.9 | E10: 626866
A11: Athreos, God of Passage | B11: =IFERROR(LOOKUP(2,1/(('Game Log Season 3'!$C$3:$C$1000="Manny")*('Game Log Season 3'!$D$3:$D$1000=A11)*('Game Log Season 3'!$X$3:$X$1000<>"")),'Game Log Season 3'!$X$3:$X$1000), D11) | C11: *Bracket 4 review (2 games no infinite combos) | D11: 3.4 | E11: 626503
A12: Fynn, the Fangbearer | B12: =IFERROR(LOOKUP(2,1/(('Game Log Season 3'!$C$3:$C$1000="Manny")*('Game Log Season 3'!$D$3:$D$1000=A12)*('Game Log Season 3'!$X$3:$X$1000<>"")),'Game Log Season 3'!$X$3:$X$1000), D12) | D12: 2.6 | E12: 614179
A13: Frodo, Adventurous Hobbit/Sam, Loyal Attendant | B13: =IFERROR(LOOKUP(2,1/(('Game Log Season 3'!$C$3:$C$1000="Manny")*('Game Log Season 3'!$D$3:$D$1000=A13)*('Game Log Season 3'!$X$3:$X$1000<>"")),'Game Log Season 3'!$X$3:$X$1000), D13) | C13: *Bracket 4 review (1 game no infinite combos) | D13: 3.5 | E13: 560532
A14: Zada, Hedron Grinder | B14: =IFERROR(LOOKUP(2,1/(('Game Log Season 3'!$C$3:$C$1000="Manny")*('Game Log Season 3'!$D$3:$D$1000=A14)*('Game Log Season 3'!$X$3:$X$1000<>"")),'Game Log Season 3'!$X$3:$X$1000), D14) | D14: 2.7 | E14: 695274
A15: Ureni of the Unwritten | B15: =IFERROR(LOOKUP(2,1/(('Game Log Season 3'!$C$3:$C$1000="Manny")*('Game Log Season 3'!$D$3:$D$1000=A15)*('Game Log Season 3'!$X$3:$X$1000<>"")),'Game Log Season 3'!$X$3:$X$1000), D15) | D15: 2.6 | E15: 703425
A16: Aragorn, the Uniter | B16: =IFERROR(LOOKUP(2,1/(('Game Log Season 3'!$C$3:$C$1000="Manny")*('Game Log Season 3'!$D$3:$D$1000=A16)*('Game Log Season 3'!$X$3:$X$1000<>"")),'Game Log Season 3'!$X$3:$X$1000), D16) | D16: 3.9 | E16: 560534
A17: Kruphix, God of Horizons | B17: =IFERROR(LOOKUP(2,1/(('Game Log Season 3'!$C$3:$C$1000="Manny")*('Game Log Season 3'!$D$3:$D$1000=A17)*('Game Log Season 3'!$X$3:$X$1000<>"")),'Game Log Season 3'!$X$3:$X$1000), D17) | D17: 2.3 | E17: 713019
A18: Avatar Aang | B18: =IFERROR(LOOKUP(2,1/(('Game Log Season 3'!$C$3:$C$1000="Manny")*('Game Log Season 3'!$D$3:$D$1000=A18)*('Game Log Season 3'!$X$3:$X$1000<>"")),'Game Log Season 3'!$X$3:$X$1000), D18) | D18: 3.5 | E18: 560535
A19: Toph, Hardheaded Teacher | B19: =IFERROR(LOOKUP(2,1/(('Game Log Season 3'!$C$3:$C$1000="Manny")*('Game Log Season 3'!$D$3:$D$1000=A19)*('Game Log Season 3'!$X$3:$X$1000<>"")),'Game Log Season 3'!$X$3:$X$1000), D19) | D19: 3.9 | E19: 796808
A20: Eshki, Temur's Roar | B20: =IFERROR(LOOKUP(2,1/(('Game Log Season 3'!$C$3:$C$1000="Manny")*('Game Log Season 3'!$D$3:$D$1000=A20)*('Game Log Season 3'!$X$3:$X$1000<>"")),'Game Log Season 3'!$X$3:$X$1000), D20) | D20: 3.7 | E20: 737114
A21: Sokka, Tenacious Tactician | B21: =IFERROR(LOOKUP(2,1/(('Game Log Season 3'!$C$3:$C$1000="Manny")*('Game Log Season 3'!$D$3:$D$1000=A21)*('Game Log Season 3'!$X$3:$X$1000<>"")),'Game Log Season 3'!$X$3:$X$1000), D21) | C21: *Bracket 3 | D21: 3 | E21: 741945
A22: Mateo | B22: =AVERAGE(B23:B39)
A23: High Perfect Morcant | B23: =IFERROR(LOOKUP(2,1/(('Game Log Season 3'!$C$3:$C$1000="Mateo")*('Game Log Season 3'!$D$3:$D$1000=A23)*('Game Log Season 3'!$X$3:$X$1000<>"")),'Game Log Season 3'!$X$3:$X$1000), D23) | D23: 2.4 | E23: 639396
A24: Zurgo Stormrender | B24: =IFERROR(LOOKUP(2,1/(('Game Log Season 3'!$C$3:$C$1000="Mateo")*('Game Log Season 3'!$D$3:$D$1000=A24)*('Game Log Season 3'!$X$3:$X$1000<>"")),'Game Log Season 3'!$X$3:$X$1000), D24) | D24: 3.6 | E24: 560454
A25: Fire Lord Azula | B25: =IFERROR(LOOKUP(2,1/(('Game Log Season 3'!$C$3:$C$1000="Mateo")*('Game Log Season 3'!$D$3:$D$1000=A25)*('Game Log Season 3'!$X$3:$X$1000<>"")),'Game Log Season 3'!$X$3:$X$1000), D25) | D25: 3.6 | E25: 614174
A26: Quintorius, History Chaser | B26: =IFERROR(LOOKUP(2,1/(('Game Log Season 3'!$C$3:$C$1000="Mateo")*('Game Log Season 3'!$D$3:$D$1000=A26)*('Game Log Season 3'!$X$3:$X$1000<>"")),'Game Log Season 3'!$X$3:$X$1000), D26) | D26: 2.9 | E26: 648623
A27: Auntie Ool, Cursewretch | B27: =IFERROR(LOOKUP(2,1/(('Game Log Season 3'!$C$3:$C$1000="Mateo")*('Game Log Season 3'!$D$3:$D$1000=A27)*('Game Log Season 3'!$X$3:$X$1000<>"")),'Game Log Season 3'!$X$3:$X$1000), D27) | C27: *Bracket 4 review (1 game no infinite combos) | D27: 3.9 | E27: 588726
A28: Killian, Decisive Mentor (Becca's) | B28: =IFERROR(LOOKUP(2,1/(('Game Log Season 3'!$C$3:$C$1000="Mateo")*('Game Log Season 3'!$D$3:$D$1000=A28)*('Game Log Season 3'!$X$3:$X$1000<>"")),'Game Log Season 3'!$X$3:$X$1000), D28) | D28: 2.8
A29: Noctis, Heir Apparent | B29: =IFERROR(LOOKUP(2,1/(('Game Log Season 3'!$C$3:$C$1000="Mateo")*('Game Log Season 3'!$D$3:$D$1000=A29)*('Game Log Season 3'!$X$3:$X$1000<>"")),'Game Log Season 3'!$X$3:$X$1000), D29) | D29: 2.6 | E29: 671540
A30: Yuna, Grand Summoner | B30: =IFERROR(LOOKUP(2,1/(('Game Log Season 3'!$C$3:$C$1000="Mateo")*('Game Log Season 3'!$D$3:$D$1000=A30)*('Game Log Season 3'!$X$3:$X$1000<>"")),'Game Log Season 3'!$X$3:$X$1000), D30) | C30: *Bracket 3 | D30: 3.6 | E30: 677158
A31: Ureni of the Unwritten | B31: =IFERROR(LOOKUP(2,1/(('Game Log Season 3'!$C$3:$C$1000="Mateo")*('Game Log Season 3'!$D$3:$D$1000=A31)*('Game Log Season 3'!$X$3:$X$1000<>"")),'Game Log Season 3'!$X$3:$X$1000), D31) | D31: 3.9 | E31: 560457
A32: Captain America, Team Leader | B32: =IFERROR(LOOKUP(2,1/(('Game Log Season 3'!$C$3:$C$1000="Mateo")*('Game Log Season 3'!$D$3:$D$1000=A32)*('Game Log Season 3'!$X$3:$X$1000<>"")),'Game Log Season 3'!$X$3:$X$1000), D32) | D32: 3.7 | E32: 710932
A33: Teval, the Balanced Scale | B33: =IFERROR(LOOKUP(2,1/(('Game Log Season 3'!$C$3:$C$1000="Mateo")*('Game Log Season 3'!$D$3:$D$1000=A33)*('Game Log Season 3'!$X$3:$X$1000<>"")),'Game Log Season 3'!$X$3:$X$1000), D33) | D33: 4 | E33: 566516
A34: Kratos, God of War | B34: =IFERROR(LOOKUP(2,1/(('Game Log Season 3'!$C$3:$C$1000="Mateo")*('Game Log Season 3'!$D$3:$D$1000=A34)*('Game Log Season 3'!$X$3:$X$1000<>"")),'Game Log Season 3'!$X$3:$X$1000), D34) | D34: 2.9 | E34: 743882
A35: Chatterfang, Squirrel General | B35: =IFERROR(LOOKUP(2,1/(('Game Log Season 3'!$C$3:$C$1000="Mateo")*('Game Log Season 3'!$D$3:$D$1000=A35)*('Game Log Season 3'!$X$3:$X$1000<>"")),'Game Log Season 3'!$X$3:$X$1000), D35) | C35: *Bracket 4 review (1 game infinite combo round 9) | D35: 3.9 | E35: 566515
A36: Toph, the First Metalbender | B36: =IFERROR(LOOKUP(2,1/(('Game Log Season 3'!$C$3:$C$1000="Mateo")*('Game Log Season 3'!$D$3:$D$1000=A36)*('Game Log Season 3'!$X$3:$X$1000<>"")),'Game Log Season 3'!$X$3:$X$1000), D36) | D36: 3 | E36: 575526
A37: Doctor Doom, King of Latveria | B37: =IFERROR(LOOKUP(2,1/(('Game Log Season 3'!$C$3:$C$1000="Mateo")*('Game Log Season 3'!$D$3:$D$1000=A37)*('Game Log Season 3'!$X$3:$X$1000<>"")),'Game Log Season 3'!$X$3:$X$1000), D37) | D37: 2 | E37: 795075
A38: Tidus, Yuna's Guardian | B38: =IFERROR(LOOKUP(2,1/(('Game Log Season 3'!$C$3:$C$1000="Mateo")*('Game Log Season 3'!$D$3:$D$1000=A38)*('Game Log Season 3'!$X$3:$X$1000<>"")),'Game Log Season 3'!$X$3:$X$1000), D38) | D38: 3.9 | E38: 560459
A39: Leonardo, the Balance/Michelangelo, the Heart | B39: =IFERROR(LOOKUP(2,1/(('Game Log Season 3'!$C$3:$C$1000="Mateo")*('Game Log Season 3'!$D$3:$D$1000=A39)*('Game Log Season 3'!$X$3:$X$1000<>"")),'Game Log Season 3'!$X$3:$X$1000), D39) | D39: 2.6 | E39: 614175
A40: Ryan | B40: =AVERAGE(B41:B54)
A41: Eowyn, Shieldmaiden | B41: =IFERROR(LOOKUP(2,1/(('Game Log Season 3'!$C$3:$C$1000="Ryan")*('Game Log Season 3'!$D$3:$D$1000=A41)*('Game Log Season 3'!$X$3:$X$1000<>"")),'Game Log Season 3'!$X$3:$X$1000), D41) | D41: 3.5 | E41: 560264
A42: Ashling, The Limitless | B42: =IFERROR(LOOKUP(2,1/(('Game Log Season 3'!$C$3:$C$1000="Ryan")*('Game Log Season 3'!$D$3:$D$1000=A42)*('Game Log Season 3'!$X$3:$X$1000<>"")),'Game Log Season 3'!$X$3:$X$1000), D42) | D42: 3.4 | E42: 601033
A43: Cloud, Ex-SOLDIER | B43: =IFERROR(LOOKUP(2,1/(('Game Log Season 3'!$C$3:$C$1000="Ryan")*('Game Log Season 3'!$D$3:$D$1000=A43)*('Game Log Season 3'!$X$3:$X$1000<>"")),'Game Log Season 3'!$X$3:$X$1000), D43) | D43: 3.7 | E43: 560262
A44: Kratos, Stoic Father/Atreus, Impulsive Son | B44: =IFERROR(LOOKUP(2,1/(('Game Log Season 3'!$C$3:$C$1000="Ryan")*('Game Log Season 3'!$D$3:$D$1000=A44)*('Game Log Season 3'!$X$3:$X$1000<>"")),'Game Log Season 3'!$X$3:$X$1000), D44) | D44: 2.6 | E44: 601032
A45: Fire Lord Zuko | B45: =IFERROR(LOOKUP(2,1/(('Game Log Season 3'!$C$3:$C$1000="Ryan")*('Game Log Season 3'!$D$3:$D$1000=A45)*('Game Log Season 3'!$X$3:$X$1000<>"")),'Game Log Season 3'!$X$3:$X$1000), D45) | D45: 3.8 | E45: 560261
A46: Witherbloom, The Balancer | B46: =IFERROR(LOOKUP(2,1/(('Game Log Season 3'!$C$3:$C$1000="Ryan")*('Game Log Season 3'!$D$3:$D$1000=A46)*('Game Log Season 3'!$X$3:$X$1000<>"")),'Game Log Season 3'!$X$3:$X$1000), D46) | D46: 2.6 | E46: 659612
A47: Preston Garvey, Minuteman | B47: =IFERROR(LOOKUP(2,1/(('Game Log Season 3'!$C$3:$C$1000="Ryan")*('Game Log Season 3'!$D$3:$D$1000=A47)*('Game Log Season 3'!$X$3:$X$1000<>"")),'Game Log Season 3'!$X$3:$X$1000), D47) | D47: 3.6 | E47: 560263
A48: Giada, Font of Hope | B48: =IFERROR(LOOKUP(2,1/(('Game Log Season 3'!$C$3:$C$1000="Ryan")*('Game Log Season 3'!$D$3:$D$1000=A48)*('Game Log Season 3'!$X$3:$X$1000<>"")),'Game Log Season 3'!$X$3:$X$1000), D48) | D48: 2.6 | E48: 693262
A49: Rootha, Mastering the Moment | B49: =IFERROR(LOOKUP(2,1/(('Game Log Season 3'!$C$3:$C$1000="Ryan")*('Game Log Season 3'!$D$3:$D$1000=A49)*('Game Log Season 3'!$X$3:$X$1000<>"")),'Game Log Season 3'!$X$3:$X$1000), D49) | D49: 3.6
A50: Arna Kennerud, Skycaptain | B50: =IFERROR(LOOKUP(2,1/(('Game Log Season 3'!$C$3:$C$1000="Ryan")*('Game Log Season 3'!$D$3:$D$1000=A50)*('Game Log Season 3'!$X$3:$X$1000<>"")),'Game Log Season 3'!$X$3:$X$1000), D50) | D50: 2.9 | E50: 744133
A51: Namor the Sub-Mariner | B51: =IFERROR(LOOKUP(2,1/(('Game Log Season 3'!$C$3:$C$1000="Ryan")*('Game Log Season 3'!$D$3:$D$1000=A51)*('Game Log Season 3'!$X$3:$X$1000<>"")),'Game Log Season 3'!$X$3:$X$1000), D51) | D51: 3.9 | E51: 744134
A52: Atraxa, Praetors' Voice | B52: =IFERROR(LOOKUP(2,1/(('Game Log Season 3'!$C$3:$C$1000="Ryan")*('Game Log Season 3'!$D$3:$D$1000=A52)*('Game Log Season 3'!$X$3:$X$1000<>"")),'Game Log Season 3'!$X$3:$X$1000), D52) | D52: 3.7 | E52: 560265
A53: Davros, Dalek Creator | B53: =IFERROR(LOOKUP(2,1/(('Game Log Season 3'!$C$3:$C$1000="Ryan")*('Game Log Season 3'!$D$3:$D$1000=A53)*('Game Log Season 3'!$X$3:$X$1000<>"")),'Game Log Season 3'!$X$3:$X$1000), D53) | D53: 3.2 | E53: 560266
A54: Krenko, Mob Boss | B54: =IFERROR(LOOKUP(2,1/(('Game Log Season 3'!$C$3:$C$1000="Ryan")*('Game Log Season 3'!$D$3:$D$1000=A54)*('Game Log Season 3'!$X$3:$X$1000<>"")),'Game Log Season 3'!$X$3:$X$1000), D54) | D54: 3.9 | E54: 744135
A55: Kristy | B55: =AVERAGE(B56:B60)
A56: Edgar Markov | B56: =IFERROR(LOOKUP(2,1/(('Game Log Season 3'!$C$3:$C$1000="Kristy")*('Game Log Season 3'!$D$3:$D$1000=A56)*('Game Log Season 3'!$X$3:$X$1000<>"")),'Game Log Season 3'!$X$3:$X$1000), D56) | C56: *Bracket 3 | D56: 3.6
A57: Auntie Ool, Cursewretch | B57: =IFERROR(LOOKUP(2,1/(('Game Log Season 3'!$C$3:$C$1000="Kristy")*('Game Log Season 3'!$D$3:$D$1000=A57)*('Game Log Season 3'!$X$3:$X$1000<>"")),'Game Log Season 3'!$X$3:$X$1000), D57) | C57: *Bracket 3 | D57: 3.3
A58: Dina, Essence Brewer | B58: =IFERROR(LOOKUP(2,1/(('Game Log Season 3'!$C$3:$C$1000="Kristy")*('Game Log Season 3'!$D$3:$D$1000=A58)*('Game Log Season 3'!$X$3:$X$1000<>"")),'Game Log Season 3'!$X$3:$X$1000), D58) | D58: 3.2
A59: Niv-Mizzet, Parun | B59: =IFERROR(LOOKUP(2,1/(('Game Log Season 3'!$C$3:$C$1000="Kristy")*('Game Log Season 3'!$D$3:$D$1000=A59)*('Game Log Season 3'!$X$3:$X$1000<>"")),'Game Log Season 3'!$X$3:$X$1000), D59) | C59: *Bracket 4 review (1 game infinite combo round 9) | D59: 3.9
A60: Doctor Doom, King of Latveria | B60: =IFERROR(LOOKUP(2,1/(('Game Log Season 3'!$C$3:$C$1000="Kristy")*('Game Log Season 3'!$D$3:$D$1000=A60)*('Game Log Season 3'!$X$3:$X$1000<>"")),'Game Log Season 3'!$X$3:$X$1000), D60) | D60: 2.4
A61: Joseph | B61: =AVERAGE(B62:B66)
A62: Valgavoth, Harrower of Souls | B62: =IFERROR(LOOKUP(2,1/(('Game Log Season 3'!$C$3:$C$1000="Joseph")*('Game Log Season 3'!$D$3:$D$1000=A62)*('Game Log Season 3'!$X$3:$X$1000<>"")),'Game Log Season 3'!$X$3:$X$1000), D62) | D62: 3.6
A63: Zimone, Infinite Analyst | B63: =IFERROR(LOOKUP(2,1/(('Game Log Season 3'!$C$3:$C$1000="Joseph")*('Game Log Season 3'!$D$3:$D$1000=A63)*('Game Log Season 3'!$X$3:$X$1000<>"")),'Game Log Season 3'!$X$3:$X$1000), D63) | D63: 3.8
A64: Super Shredder | B64: =IFERROR(LOOKUP(2,1/(('Game Log Season 3'!$C$3:$C$1000="Joseph")*('Game Log Season 3'!$D$3:$D$1000=A64)*('Game Log Season 3'!$X$3:$X$1000<>"")),'Game Log Season 3'!$X$3:$X$1000), D64) | D64: 2.7
A65: Hei Bai, Forest Guardian | B65: =IFERROR(LOOKUP(2,1/(('Game Log Season 3'!$C$3:$C$1000="Joseph")*('Game Log Season 3'!$D$3:$D$1000=A65)*('Game Log Season 3'!$X$3:$X$1000<>"")),'Game Log Season 3'!$X$3:$X$1000), D65) | D65: 3.3
A66: Ultima, Origin of Oblivion | B66: =IFERROR(LOOKUP(2,1/(('Game Log Season 3'!$C$3:$C$1000="Joseph")*('Game Log Season 3'!$D$3:$D$1000=A66)*('Game Log Season 3'!$X$3:$X$1000<>"")),'Game Log Season 3'!$X$3:$X$1000), D66) | D66: 3.7
A67: Red | B67: =AVERAGE(B68:B69)
A68: Cloud, Ex-SOLDIER | B68: =IFERROR(LOOKUP(2,1/(('Game Log Season 3'!$C$3:$C$1000="Red")*('Game Log Season 3'!$D$3:$D$1000=A68)*('Game Log Season 3'!$X$3:$X$1000<>"")),'Game Log Season 3'!$X$3:$X$1000), D68) | D68: 2.7 | E68: 595027
A69: Squall, SeeD Mercenary | B69: =IFERROR(LOOKUP(2,1/(('Game Log Season 3'!$C$3:$C$1000="Red")*('Game Log Season 3'!$D$3:$D$1000=A69)*('Game Log Season 3'!$X$3:$X$1000<>"")),'Game Log Season 3'!$X$3:$X$1000), D69) | D69: 3.4 | E69: 629604
A70: Sanar, Innovative First-Year | B70: =IFERROR(LOOKUP(2,1/(('Game Log Season 3'!$C$3:$C$1000="Red")*('Game Log Season 3'!$D$3:$D$1000=A70)*('Game Log Season 3'!$X$3:$X$1000<>"")),'Game Log Season 3'!$X$3:$X$1000), D70) | D70: 1 | E70: 682763
A71: Michelle | B71: =AVERAGE(B72:B73)
A72: The Wise Mothman | B72: =IFERROR(LOOKUP(2,1/(('Game Log Season 3'!$C$3:$C$1000="Michelle")*('Game Log Season 3'!$D$3:$D$1000=A72)*('Game Log Season 3'!$X$3:$X$1000<>"")),'Game Log Season 3'!$X$3:$X$1000), D72) | D72: 2.5
A73: Szarel, Genesis Shepard | B73: =IFERROR(LOOKUP(2,1/(('Game Log Season 3'!$C$3:$C$1000="Michelle")*('Game Log Season 3'!$D$3:$D$1000=A73)*('Game Log Season 3'!$X$3:$X$1000<>"")),'Game Log Season 3'!$X$3:$X$1000), D73) | D73: 2.2 | E73: 576574
A74: Lucy MacLean, Positively Armed | B74: =IFERROR(LOOKUP(2,1/(('Game Log Season 3'!$C$3:$C$1000="Michelle")*('Game Log Season 3'!$D$3:$D$1000=A74)*('Game Log Season 3'!$X$3:$X$1000<>"")),'Game Log Season 3'!$X$3:$X$1000), D74) | D74: 2.4

Sheet Deck Win Rates
A1: Player / Deck | B1: Games Played | C1: Wins | D1: Win Rate
A2: Becca | B2: =COUNTIFS('Game Log Season 3'!$C$3:$C$1000,A2) | C2: =COUNTIFS('Game Log Season 3'!$C$3:$C$1000,A2,'Game Log Season 3'!$F$3:$F$1000,1) | D2: =IFERROR(C2/B2,0)
A3: Ms. Bumbleflower | B3: =COUNTIFS('Game Log Season 3'!$C$3:$C$1000,"Becca",'Game Log Season 3'!$D$3:$D$1000,A3) | C3: =COUNTIFS('Game Log Season 3'!$C$3:$C$1000,"Becca",'Game Log Season 3'!$D$3:$D$1000,A3,'Game Log Season 3'!$F$3:$F$1000,1) | D3: =IFERROR(C3/B3,0)
A4: Aminatou, Veil Piercer | B4: =COUNTIFS('Game Log Season 3'!$C$3:$C$1000,"Becca",'Game Log Season 3'!$D$3:$D$1000,A4) | C4: =COUNTIFS('Game Log Season 3'!$C$3:$C$1000,"Becca",'Game Log Season 3'!$D$3:$D$1000,A4,'Game Log Season 3'!$F$3:$F$1000,1) | D4: =IFERROR(C4/B4,0)
A5: Killian, Decisive Mentor | B5: =COUNTIFS('Game Log Season 3'!$C$3:$C$1000,"Becca",'Game Log Season 3'!$D$3:$D$1000,A5) | C5: =COUNTIFS('Game Log Season 3'!$C$3:$C$1000,"Becca",'Game Log Season 3'!$D$3:$D$1000,A5,'Game Log Season 3'!$F$3:$F$1000,1) | D5: =IFERROR(C5/B5,0)
A6: Eshki, Temur's Roar (Manny's) | B6: =COUNTIFS('Game Log Season 3'!$C$3:$C$1000,"Becca",'Game Log Season 3'!$D$3:$D$1000,A6) | C6: =COUNTIFS('Game Log Season 3'!$C$3:$C$1000,"Becca",'Game Log Season 3'!$D$3:$D$1000,A6,'Game Log Season 3'!$F$3:$F$1000,1) | D6: =IFERROR(C6/B6,0)
A7: Katara, the Fearless | B7: =COUNTIFS('Game Log Season 3'!$C$3:$C$1000,"Becca",'Game Log Season 3'!$D$3:$D$1000,A7) | C7: =COUNTIFS('Game Log Season 3'!$C$3:$C$1000,"Becca",'Game Log Season 3'!$D$3:$D$1000,A7,'Game Log Season 3'!$F$3:$F$1000,1) | D7: =IFERROR(C7/B7,0)
A8: Manny | B8: =COUNTIFS('Game Log Season 3'!$C$3:$C$1000,A8) | C8: =COUNTIFS('Game Log Season 3'!$C$3:$C$1000,A8,'Game Log Season 3'!$F$3:$F$1000,1) | D8: =IFERROR(C8/B8,0)
A9: Galadriel, Light of Valinor | B9: =COUNTIFS('Game Log Season 3'!$C$3:$C$1000,"Manny",'Game Log Season 3'!$D$3:$D$1000,A9) | C9: =COUNTIFS('Game Log Season 3'!$C$3:$C$1000,"Manny",'Game Log Season 3'!$D$3:$D$1000,A9,'Game Log Season 3'!$F$3:$F$1000,1) | D9: =IFERROR(C9/B9,0)
A10: Atraxa, Praetor's Voice | B10: =COUNTIFS('Game Log Season 3'!$C$3:$C$1000,"Manny",'Game Log Season 3'!$D$3:$D$1000,A10) | C10: =COUNTIFS('Game Log Season 3'!$C$3:$C$1000,"Manny",'Game Log Season 3'!$D$3:$D$1000,A10,'Game Log Season 3'!$F$3:$F$1000,1) | D10: =IFERROR(C10/B10,0)
A11: Athreos, God of Passage | B11: =COUNTIFS('Game Log Season 3'!$C$3:$C$1000,"Manny",'Game Log Season 3'!$D$3:$D$1000,A11) | C11: =COUNTIFS('Game Log Season 3'!$C$3:$C$1000,"Manny",'Game Log Season 3'!$D$3:$D$1000,A11,'Game Log Season 3'!$F$3:$F$1000,1) | D11: =IFERROR(C11/B11,0)
A12: Fynn, the Fangbearer | B12: =COUNTIFS('Game Log Season 3'!$C$3:$C$1000,"Manny",'Game Log Season 3'!$D$3:$D$1000,A12) | C12: =COUNTIFS('Game Log Season 3'!$C$3:$C$1000,"Manny",'Game Log Season 3'!$D$3:$D$1000,A12,'Game Log Season 3'!$F$3:$F$1000,1) | D12: =IFERROR(C12/B12,0)
A13: Frodo, Adventurous Hobbit/Sam, Loyal Attendant | B13: =COUNTIFS('Game Log Season 3'!$C$3:$C$1000,"Manny",'Game Log Season 3'!$D$3:$D$1000,A13) | C13: =COUNTIFS('Game Log Season 3'!$C$3:$C$1000,"Manny",'Game Log Season 3'!$D$3:$D$1000,A13,'Game Log Season 3'!$F$3:$F$1000,1) | D13: =IFERROR(C13/B13,0)
A14: Zada, Hedron Grinder | B14: =COUNTIFS('Game Log Season 3'!$C$3:$C$1000,"Manny",'Game Log Season 3'!$D$3:$D$1000,A14) | C14: =COUNTIFS('Game Log Season 3'!$C$3:$C$1000,"Manny",'Game Log Season 3'!$D$3:$D$1000,A14,'Game Log Season 3'!$F$3:$F$1000,1) | D14: =IFERROR(C14/B14,0)
A15: Ureni of the Unwritten | B15: =COUNTIFS('Game Log Season 3'!$C$3:$C$1000,"Manny",'Game Log Season 3'!$D$3:$D$1000,A15) | C15: =COUNTIFS('Game Log Season 3'!$C$3:$C$1000,"Manny",'Game Log Season 3'!$D$3:$D$1000,A15,'Game Log Season 3'!$F$3:$F$1000,1) | D15: =IFERROR(C15/B15,0)
A16: Aragorn, the Uniter | B16: =COUNTIFS('Game Log Season 3'!$C$3:$C$1000,"Manny",'Game Log Season 3'!$D$3:$D$1000,A16) | C16: =COUNTIFS('Game Log Season 3'!$C$3:$C$1000,"Manny",'Game Log Season 3'!$D$3:$D$1000,A16,'Game Log Season 3'!$F$3:$F$1000,1) | D16: =IFERROR(C16/B16,0)
A17: Kruphix, God of Horizons | B17: =COUNTIFS('Game Log Season 3'!$C$3:$C$1000,"Manny",'Game Log Season 3'!$D$3:$D$1000,A17) | C17: =COUNTIFS('Game Log Season 3'!$C$3:$C$1000,"Manny",'Game Log Season 3'!$D$3:$D$1000,A17,'Game Log Season 3'!$F$3:$F$1000,1) | D17: =IFERROR(C17/B17,0)
A18: Avatar Aang | B18: =COUNTIFS('Game Log Season 3'!$C$3:$C$1000,"Manny",'Game Log Season 3'!$D$3:$D$1000,A18) | C18: =COUNTIFS('Game Log Season 3'!$C$3:$C$1000,"Manny",'Game Log Season 3'!$D$3:$D$1000,A18,'Game Log Season 3'!$F$3:$F$1000,1) | D18: =IFERROR(C18/B18,0)
A19: Toph, Hardheaded Teacher | B19: =COUNTIFS('Game Log Season 3'!$C$3:$C$1000,"Manny",'Game Log Season 3'!$D$3:$D$1000,A19) | C19: =COUNTIFS('Game Log Season 3'!$C$3:$C$1000,"Manny",'Game Log Season 3'!$D$3:$D$1000,A19,'Game Log Season 3'!$F$3:$F$1000,1) | D19: =IFERROR(C19/B19,0)
A20: Eshki, Temur's Roar | B20: =COUNTIFS('Game Log Season 3'!$C$3:$C$1000,"Manny",'Game Log Season 3'!$D$3:$D$1000,A20) | C20: =COUNTIFS('Game Log Season 3'!$C$3:$C$1000,"Manny",'Game Log Season 3'!$D$3:$D$1000,A20,'Game Log Season 3'!$F$3:$F$1000,1) | D20: =IFERROR(C20/B20,0)
A21: Sokka, Tenacious Tactician | B21: =COUNTIFS('Game Log Season 3'!$C$3:$C$1000,"Manny",'Game Log Season 3'!$D$3:$D$1000,A21) | C21: =COUNTIFS('Game Log Season 3'!$C$3:$C$1000,"Manny",'Game Log Season 3'!$D$3:$D$1000,A21,'Game Log Season 3'!$F$3:$F$1000,1) | D21: =IFERROR(C21/B21,0)
A22: Mateo | B22: =COUNTIFS('Game Log Season 3'!$C$3:$C$1000,A22) | C22: =COUNTIFS('Game Log Season 3'!$C$3:$C$1000,A22,'Game Log Season 3'!$F$3:$F$1000,1) | D22: =IFERROR(C22/B22,0)
A23: High Perfect Morcant | B23: =COUNTIFS('Game Log Season 3'!$C$3:$C$1000,"Mateo",'Game Log Season 3'!$D$3:$D$1000,A23) | C23: =COUNTIFS('Game Log Season 3'!$C$3:$C$1000,"Mateo",'Game Log Season 3'!$D$3:$D$1000,A23,'Game Log Season 3'!$F$3:$F$1000,1) | D23: =IFERROR(C23/B23,0)
A24: Zurgo Stormrender | B24: =COUNTIFS('Game Log Season 3'!$C$3:$C$1000,"Mateo",'Game Log Season 3'!$D$3:$D$1000,A24) | C24: =COUNTIFS('Game Log Season 3'!$C$3:$C$1000,"Mateo",'Game Log Season 3'!$D$3:$D$1000,A24,'Game Log Season 3'!$F$3:$F$1000,1) | D24: =IFERROR(C24/B24,0)
A25: Fire Lord Azula | B25: =COUNTIFS('Game Log Season 3'!$C$3:$C$1000,"Mateo",'Game Log Season 3'!$D$3:$D$1000,A25) | C25: =COUNTIFS('Game Log Season 3'!$C$3:$C$1000,"Mateo",'Game Log Season 3'!$D$3:$D$1000,A25,'Game Log Season 3'!$F$3:$F$1000,1) | D25: =IFERROR(C25/B25,0)
A26: Quintorius, History Chaser | B26: =COUNTIFS('Game Log Season 3'!$C$3:$C$1000,"Mateo",'Game Log Season 3'!$D$3:$D$1000,A26) | C26: =COUNTIFS('Game Log Season 3'!$C$3:$C$1000,"Mateo",'Game Log Season 3'!$D$3:$D$1000,A26,'Game Log Season 3'!$F$3:$F$1000,1) | D26: =IFERROR(C26/B26,0)
A27: Auntie Ool, Cursewretch | B27: =COUNTIFS('Game Log Season 3'!$C$3:$C$1000,"Mateo",'Game Log Season 3'!$D$3:$D$1000,A27) | C27: =COUNTIFS('Game Log Season 3'!$C$3:$C$1000,"Mateo",'Game Log Season 3'!$D$3:$D$1000,A27,'Game Log Season 3'!$F$3:$F$1000,1) | D27: =IFERROR(C27/B27,0)
A28: Killian, Decisive Mentor (Becca's) | B28: =COUNTIFS('Game Log Season 3'!$C$3:$C$1000,"Mateo",'Game Log Season 3'!$D$3:$D$1000,A28) | C28: =COUNTIFS('Game Log Season 3'!$C$3:$C$1000,"Mateo",'Game Log Season 3'!$D$3:$D$1000,A28,'Game Log Season 3'!$F$3:$F$1000,1) | D28: =IFERROR(C28/B28,0)
A29: Noctis, Heir Apparent | B29: =COUNTIFS('Game Log Season 3'!$C$3:$C$1000,"Mateo",'Game Log Season 3'!$D$3:$D$1000,A29) | C29: =COUNTIFS('Game Log Season 3'!$C$3:$C$1000,"Mateo",'Game Log Season 3'!$D$3:$D$1000,A29,'Game Log Season 3'!$F$3:$F$1000,1) | D29: =IFERROR(C29/B29,0)
A30: Yuna, Grand Summoner | B30: =COUNTIFS('Game Log Season 3'!$C$3:$C$1000,"Mateo",'Game Log Season 3'!$D$3:$D$1000,A30) | C30: =COUNTIFS('Game Log Season 3'!$C$3:$C$1000,"Mateo",'Game Log Season 3'!$D$3:$D$1000,A30,'Game Log Season 3'!$F$3:$F$1000,1) | D30: =IFERROR(C30/B30,0)
A31: Ureni of the Unwritten | B31: =COUNTIFS('Game Log Season 3'!$C$3:$C$1000,"Mateo",'Game Log Season 3'!$D$3:$D$1000,A31) | C31: =COUNTIFS('Game Log Season 3'!$C$3:$C$1000,"Mateo",'Game Log Season 3'!$D$3:$D$1000,A31,'Game Log Season 3'!$F$3:$F$1000,1) | D31: =IFERROR(C31/B31,0)
A32: Captain America, Team Leader | B32: =COUNTIFS('Game Log Season 3'!$C$3:$C$1000,"Mateo",'Game Log Season 3'!$D$3:$D$1000,A32) | C32: =COUNTIFS('Game Log Season 3'!$C$3:$C$1000,"Mateo",'Game Log Season 3'!$D$3:$D$1000,A32,'Game Log Season 3'!$F$3:$F$1000,1) | D32: =IFERROR(C32/B32,0)
A33: Teval, the Balanced Scale | B33: =COUNTIFS('Game Log Season 3'!$C$3:$C$1000,"Mateo",'Game Log Season 3'!$D$3:$D$1000,A33) | C33: =COUNTIFS('Game Log Season 3'!$C$3:$C$1000,"Mateo",'Game Log Season 3'!$D$3:$D$1000,A33,'Game Log Season 3'!$F$3:$F$1000,1) | D33: =IFERROR(C33/B33,0)
A34: Kratos, God of War | B34: =COUNTIFS('Game Log Season 3'!$C$3:$C$1000,"Mateo",'Game Log Season 3'!$D$3:$D$1000,A34) | C34: =COUNTIFS('Game Log Season 3'!$C$3:$C$1000,"Mateo",'Game Log Season 3'!$D$3:$D$1000,A34,'Game Log Season 3'!$F$3:$F$1000,1) | D34: =IFERROR(C34/B34,0)
... A39: Leonardo, the Balance/Michelangelo, the Heart | B39: =COUNTIFS('Game Log Season 3'!$C$3:$C$1000,"Mateo",'Game Log Season 3'!$D$3:$D$1000,A39) | C39: =COUNTIFS('Game Log Season 3'!$C$3:$C$1000,"Mateo",'Game Log Season 3'!$D$3:$D$1000,A39,'Game Log Season 3'!$F$3:$F$1000,1) | D39: =IFERROR(C39/B39,0)
A40: Ryan | B40: =COUNTIFS('Game Log Season 3'!$C$3:$C$1000,A40) | C40: =COUNTIFS('Game Log Season 3'!$C$3:$C$1000,A40,'Game Log Season 3'!$F$3:$F$1000,1) | D40: =IFERROR(C40/B40,0)
A41: Eowyn, Shieldmaiden | B41: =COUNTIFS('Game Log Season 3'!$C$3:$C$1000,"Ryan",'Game Log Season 3'!$D$3:$D$1000,A41) | C41: =COUNTIFS('Game Log Season 3'!$C$3:$C$1000,"Ryan",'Game Log Season 3'!$D$3:$D$1000,A41,'Game Log Season 3'!$F$3:$F$1000,1) | D41: =IFERROR(C41/B41,0)
A42: Ashling, The Limitless | B42: =COUNTIFS('Game Log Season 3'!$C$3:$C$1000,"Ryan",'Game Log Season 3'!$D$3:$D$1000,A42) | C42: =COUNTIFS('Game Log Season 3'!$C$3:$C$1000,"Ryan",'Game Log Season 3'!$D$3:$D$1000,A42,'Game Log Season 3'!$F$3:$F$1000,1) | D42: =IFERROR(C42/B42,0)
A43: Cloud, Ex-SOLDIER | B43: =COUNTIFS('Game Log Season 3'!$C$3:$C$1000,"Ryan",'Game Log Season 3'!$D$3:$D$1000,A43) | C43: =COUNTIFS('Game Log Season 3'!$C$3:$C$1000,"Ryan",'Game Log Season 3'!$D$3:$D$1000,A43,'Game Log Season 3'!$F$3:$F$1000,1) | D43: =IFERROR(C43/B43,0)
A44: Kratos, Stoic Father/Atreus, Impulsive Son | B44: =COUNTIFS('Game Log Season 3'!$C$3:$C$1000,"Ryan",'Game Log Season 3'!$D$3:$D$1000,A44) | C44: =COUNTIFS('Game Log Season 3'!$C$3:$C$1000,"Ryan",'Game Log Season 3'!$D$3:$D$1000,A44,'Game Log Season 3'!$F$3:$F$1000,1) | D44: =IFERROR(C44/B44,0)
A45: Fire Lord Zuko | B45: =COUNTIFS('Game Log Season 3'!$C$3:$C$1000,"Ryan",'Game Log Season 3'!$D$3:$D$1000,A45) | C45: =COUNTIFS('Game Log Season 3'!$C$3:$C$1000,"Ryan",'Game Log Season 3'!$D$3:$D$1000,A45,'Game Log Season 3'!$F$3:$F$1000,1) | D45: =IFERROR(C45/B45,0)
A46: Witherbloom, The Balancer | B46: =COUNTIFS('Game Log Season 3'!$C$3:$C$1000,"Ryan",'Game Log Season 3'!$D$3:$D$1000,A46) | C46: =COUNTIFS('Game Log Season 3'!$C$3:$C$1000,"Ryan",'Game Log Season 3'!$D$3:$D$1000,A46,'Game Log Season 3'!$F$3:$F$1000,1) | D46: =IFERROR(C46/B46,0)
A47: Preston Garvey, Minuteman | B47: =COUNTIFS('Game Log Season 3'!$C$3:$C$1000,"Ryan",'Game Log Season 3'!$D$3:$D$1000,A47) | C47: =COUNTIFS('Game Log Season 3'!$C$3:$C$1000,"Ryan",'Game Log Season 3'!$D$3:$D$1000,A47,'Game Log Season 3'!$F$3:$F$1000,1) | D47: =IFERROR(C47/B47,0)
A48: Giada, Font of Hope | B48: =COUNTIFS('Game Log Season 3'!$C$3:$C$1000,"Ryan",'Game Log Season 3'!$D$3:$D$1000,A48) | C48: =COUNTIFS('Game Log Season 3'!$C$3:$C$1000,"Ryan",'Game Log Season 3'!$D$3:$D$1000,A48,'Game Log Season 3'!$F$3:$F$1000,1) | D48: =IFERROR(C48/B48,0)
A49: Rootha, Mastering the Moment | B49: =COUNTIFS('Game Log Season 3'!$C$3:$C$1000,"Ryan",'Game Log Season 3'!$D$3:$D$1000,A49) | C49: =COUNTIFS('Game Log Season 3'!$C$3:$C$1000,"Ryan",'Game Log Season 3'!$D$3:$D$1000,A49,'Game Log Season 3'!$F$3:$F$1000,1) | D49: =IFERROR(C49/B49,0)
A50: Arna Kennerud, Skycaptain | B50: =COUNTIFS('Game Log Season 3'!$C$3:$C$1000,"Ryan",'Game Log Season 3'!$D$3:$D$1000,A50) | C50: =COUNTIFS('Game Log Season 3'!$C$3:$C$1000,"Ryan",'Game Log Season 3'!$D$3:$D$1000,A50,'Game Log Season 3'!$F$3:$F$1000,1) | D50: =IFERROR(C50/B50,0)
A51: Namor the Sub-Mariner | B51: =COUNTIFS('Game Log Season 3'!$C$3:$C$1000,"Ryan",'Game Log Season 3'!$D$3:$D$1000,A51) | C51: =COUNTIFS('Game Log Season 3'!$C$3:$C$1000,"Ryan",'Game Log Season 3'!$D$3:$D$1000,A51,'Game Log Season 3'!$F$3:$F$1000,1) | D51: =IFERROR(C51/B51,0)
A52: Atraxa, Praetors' Voice | B52: =COUNTIFS('Game Log Season 3'!$C$3:$C$1000,"Ryan",'Game Log Season 3'!$D$3:$D$1000,A52) | C52: =COUNTIFS('Game Log Season 3'!$C$3:$C$1000,"Ryan",'Game Log Season 3'!$D$3:$D$1000,A52,'Game Log Season 3'!$F$3:$F$1000,1) | D52: =IFERROR(C52/B52,0)
... A54: Krenko, Mob Boss | B54: =COUNTIFS('Game Log Season 3'!$C$3:$C$1000,"Ryan",'Game Log Season 3'!$D$3:$D$1000,A54) | C54: =COUNTIFS('Game Log Season 3'!$C$3:$C$1000,"Ryan",'Game Log Season 3'!$D$3:$D$1000,A54,'Game Log Season 3'!$F$3:$F$1000,1) | D54: =IFERROR(C54/B54,0)
A55: Kristy | B55: =COUNTIFS('Game Log Season 3'!$C$3:$C$1000,A55) | C55: =COUNTIFS('Game Log Season 3'!$C$3:$C$1000,A55,'Game Log Season 3'!$F$3:$F$1000,1) | D55: =IFERROR(C55/B55,0)
A56: Edgar Markov | B56: =COUNTIFS('Game Log Season 3'!$C$3:$C$1000,"Kristy",'Game Log Season 3'!$D$3:$D$1000,A56) | C56: =COUNTIFS('Game Log Season 3'!$C$3:$C$1000,"Kristy",'Game Log Season 3'!$D$3:$D$1000,A56,'Game Log Season 3'!$F$3:$F$1000,1) | D56: =IFERROR(C56/B56,0)
A57: Auntie Ool, Cursewretch | B57: =COUNTIFS('Game Log Season 3'!$C$3:$C$1000,"Kristy",'Game Log Season 3'!$D$3:$D$1000,A57) | C57: =COUNTIFS('Game Log Season 3'!$C$3:$C$1000,"Kristy",'Game Log Season 3'!$D$3:$D$1000,A57,'Game Log Season 3'!$F$3:$F$1000,1) | D57: =IFERROR(C57/B57,0)
A58: Dina, Essence Brewer | B58: =COUNTIFS('Game Log Season 3'!$C$3:$C$1000,"Kristy",'Game Log Season 3'!$D$3:$D$1000,A58) | C58: =COUNTIFS('Game Log Season 3'!$C$3:$C$1000,"Kristy",'Game Log Season 3'!$D$3:$D$1000,A58,'Game Log Season 3'!$F$3:$F$1000,1) | D58: =IFERROR(C58/B58,0)
A59: Niv-Mizzet, Parun | B59: =COUNTIFS('Game Log Season 3'!$C$3:$C$1000,"Kristy",'Game Log Season 3'!$D$3:$D$1000,A59) | C59: =COUNTIFS('Game Log Season 3'!$C$3:$C$1000,"Kristy",'Game Log Season 3'!$D$3:$D$1000,A59,'Game Log Season 3'!$F$3:$F$1000,1) | D59: =IFERROR(C59/B59,0)
A60: Doctor Doom, King of Latveria | B60: =COUNTIFS('Game Log Season 3'!$C$3:$C$1000,"Kristy",'Game Log Season 3'!$D$3:$D$1000,A60) | C60: =COUNTIFS('Game Log Season 3'!$C$3:$C$1000,"Kristy",'Game Log Season 3'!$D$3:$D$1000,A60,'Game Log Season 3'!$F$3:$F$1000,1) | D60: =IFERROR(C60/B60,0)
A61: Joseph | B61: =COUNTIFS('Game Log Season 3'!$C$3:$C$1000,A61) | C61: =COUNTIFS('Game Log Season 3'!$C$3:$C$1000,A61,'Game Log Season 3'!$F$3:$F$1000,1) | D61: =IFERROR(C61/B61,0)
A62: Valgavoth, Harrower of Souls | B62: =COUNTIFS('Game Log Season 3'!$C$3:$C$1000,"Joseph",'Game Log Season 3'!$D$3:$D$1000,A62) | C62: =COUNTIFS('Game Log Season 3'!$C$3:$C$1000,"Joseph",'Game Log Season 3'!$D$3:$D$1000,A62,'Game Log Season 3'!$F$3:$F$1000,1) | D62: =IFERROR(C62/B62,0)
A63: Zimone, Infinite Analyst | B63: =COUNTIFS('Game Log Season 3'!$C$3:$C$1000,"Joseph",'Game Log Season 3'!$D$3:$D$1000,A63) | C63: =COUNTIFS('Game Log Season 3'!$C$3:$C$1000,"Joseph",'Game Log Season 3'!$D$3:$D$1000,A63,'Game Log Season 3'!$F$3:$F$1000,1) | D63: =IFERROR(C63/B63,0)
A64: Super Shredder | B64: =COUNTIFS('Game Log Season 3'!$C$3:$C$1000,"Joseph",'Game Log Season 3'!$D$3:$D$1000,A64) | C64: =COUNTIFS('Game Log Season 3'!$C$3:$C$1000,"Joseph",'Game Log Season 3'!$D$3:$D$1000,A64,'Game Log Season 3'!$F$3:$F$1000,1) | D64: =IFERROR(C64/B64,0)
A65: Hei Bai, Forest Guardian | B65: =COUNTIFS('Game Log Season 3'!$C$3:$C$1000,"Joseph",'Game Log Season 3'!$D$3:$D$1000,A65) | C65: =COUNTIFS('Game Log Season 3'!$C$3:$C$1000,"Joseph",'Game Log Season 3'!$D$3:$D$1000,A65,'Game Log Season 3'!$F$3:$F$1000,1) | D65: =IFERROR(C65/B65,0)
A66: Ultima, Origin of Oblivion | B66: =COUNTIFS('Game Log Season 3'!$C$3:$C$1000,"Joseph",'Game Log Season 3'!$D$3:$D$1000,A66) | C66: =COUNTIFS('Game Log Season 3'!$C$3:$C$1000,"Joseph",'Game Log Season 3'!$D$3:$D$1000,A66,'Game Log Season 3'!$F$3:$F$1000,1) | D66: =IFERROR(C66/B66,0)
A67: Red | B67: =COUNTIFS('Game Log Season 3'!$C$3:$C$1000,A67) | C67: =COUNTIFS('Game Log Season 3'!$C$3:$C$1000,A67,'Game Log Season 3'!$F$3:$F$1000,1) | D67: =IFERROR(C67/B67,0)
A68: Cloud, Ex-SOLDIER | B68: =COUNTIFS('Game Log Season 3'!$C$3:$C$1000,"Red",'Game Log Season 3'!$D$3:$D$1000,A68) | C68: =COUNTIFS('Game Log Season 3'!$C$3:$C$1000,"Red",'Game Log Season 3'!$D$3:$D$1000,A68,'Game Log Season 3'!$F$3:$F$1000,1) | D68: =IFERROR(C68/B68,0)
A69: Squall, SeeD Mercenary | B69: =COUNTIFS('Game Log Season 3'!$C$3:$C$1000,"Red",'Game Log Season 3'!$D$3:$D$1000,A69) | C69: =COUNTIFS('Game Log Season 3'!$C$3:$C$1000,"Red",'Game Log Season 3'!$D$3:$D$1000,A69,'Game Log Season 3'!$F$3:$F$1000,1) | D69: =IFERROR(C69/B69,0)
A70: Sanar, Innovative First-Year | B70: =COUNTIFS('Game Log Season 3'!$C$3:$C$1000,"Red",'Game Log Season 3'!$D$3:$D$1000,A70) | C70: =COUNTIFS('Game Log Season 3'!$C$3:$C$1000,"Red",'Game Log Season 3'!$D$3:$D$1000,A70,'Game Log Season 3'!$F$3:$F$1000,1) | D70: =IFERROR(C70/B70,0)
A71: Michelle | B71: =COUNTIFS('Game Log Season 3'!$C$3:$C$1000,A71) | C71: =COUNTIFS('Game Log Season 3'!$C$3:$C$1000,A71,'Game Log Season 3'!$F$3:$F$1000,1) | D71: =IFERROR(C71/B71,0)
A72: The Wise Mothman | B72: =COUNTIFS('Game Log Season 3'!$C$3:$C$1000,"Michelle",'Game Log Season 3'!$D$3:$D$1000,A72) | C72: =COUNTIFS('Game Log Season 3'!$C$3:$C$1000,"Michelle",'Game Log Season 3'!$D$3:$D$1000,A72,'Game Log Season 3'!$F$3:$F$1000,1) | D72: =IFERROR(C72/B72,0)
A73: Szarel, Genesis Shepard | B73: =COUNTIFS('Game Log Season 3'!$C$3:$C$1000,"Michelle",'Game Log Season 3'!$D$3:$D$1000,A73) | C73: =COUNTIFS('Game Log Season 3'!$C$3:$C$1000,"Michelle",'Game Log Season 3'!$D$3:$D$1000,A73,'Game Log Season 3'!$F$3:$F$1000,1) | D73: =IFERROR(C73/B73,0)
A74: Lucy MacLean, Positively Armed | B74: =COUNTIFS('Game Log Season 3'!$C$3:$C$1000,"Michelle",'Game Log Season 3'!$D$3:$D$1000,A74) | C74: =COUNTIFS('Game Log Season 3'!$C$3:$C$1000,"Michelle",'Game Log Season 3'!$D$3:$D$1000,A74,'Game Log Season 3'!$F$3:$F$1000,1) | D74: =IFERROR(C74/B74,0)

Sheet Player Adjusted Ranks
A1: Player | B1: Player Adjusted Win Rate | C1: Win Count | D1: Loss Count | E1: Win Rate | F1: Win Count Adjusted for Pod size | G1: Loss Count Adjusted for Pod Size | H1: Win Rate Adjusted for Pod Size | I1: Win Rate Adjusted for Knockouts | J1: Deck Strength Win Adjusted Value | K1: Deck Strength Loss Adjusted Value | L1: Win Rate Adjusted for Compared Deck Strengths
A2: Mateo | B2: =(H2*0.3)+(I2*0.2)+(L2*0.5) | C2: =COUNTIFS('Game Log Season 3'!$C$3:$C$126, "Mateo", 'Game Log Season 3'!$F$3:$F$126, 1) | D2: =COUNTIFS('Game Log Season 3'!$C$3:$C$126, "Mateo", 'Game Log Season 3'!$F$3:$F$126, 0) | E2: =IFERROR(C2/(C2+D2),0) | F2: =SUMIFS('Game Log Season 3'!$J$3:$J$126, 'Game Log Season 3'!$C$3:$C$126, "Mateo", 'Game Log Season 3'!$F$3:$F$126, 1) | G2: =IFERROR((1-(AVERAGEIFS('Game Log Season 3'!$J$3:$J$126, 'Game Log Season 3'!$C$3:$C$126, "Mateo", 'Game Log Season 3'!$F$3:$F$126, 0)*-1))*D2,0) | H2: =IFERROR(F2/(F2+G2),0) | I2: =IF(C2<>0,AVERAGEIF('Game Log Season 3'!$C$3:$C$126, "Mateo", 'Game Log Season 3'!$K$3:$K$126),0) | J2: =IFERROR((1-(AVERAGEIFS('Game Log Season 3'!$M$3:$M$126, 'Game Log Season 3'!$C$3:$C$126, "Mateo", 'Game Log Season 3'!$F$3:$F$126, 1)-0.5))*C2, 0) | K2: =IFERROR((1+(AVERAGEIFS('Game Log Season 3'!$M$3:$M$126, 'Game Log Season 3'!$C$3:$C$126, "Mateo", 'Game Log Season 3'!$F$3:$F$126, 0)-0.5))*D2, 0) | L2: =IFERROR(J2/(J2+K2),0)
A3: Ryan | B3: =(H3*0.3)+(I3*0.2)+(L3*0.5) | C3: =COUNTIFS('Game Log Season 3'!$C$3:$C$126, "Ryan", 'Game Log Season 3'!$F$3:$F$126, 1) | D3: =COUNTIFS('Game Log Season 3'!$C$3:$C$126, "Ryan", 'Game Log Season 3'!$F$3:$F$126, 0) | E3: =IFERROR(C3/(C3+D3),0) | F3: =SUMIFS('Game Log Season 3'!$J$3:$J$126, 'Game Log Season 3'!$C$3:$C$126, "Ryan", 'Game Log Season 3'!$F$3:$F$126, 1) | G3: =IFERROR((1-(AVERAGEIFS('Game Log Season 3'!$J$3:$J$126, 'Game Log Season 3'!$C$3:$C$126, "Ryan", 'Game Log Season 3'!$F$3:$F$126, 0)*-1))*D3,0) | H3: =IFERROR(F3/(F3+G3),0) | I3: =IF(C3<>0,AVERAGEIF('Game Log Season 3'!$C$3:$C$126, "Ryan", 'Game Log Season 3'!$K$3:$K$126),0) | J3: =IFERROR((1-(AVERAGEIFS('Game Log Season 3'!$M$3:$M$126, 'Game Log Season 3'!$C$3:$C$126, "Ryan", 'Game Log Season 3'!$F$3:$F$126, 1)-0.5))*C3, 0) | K3: =IFERROR((1+(AVERAGEIFS('Game Log Season 3'!$M$3:$M$126, 'Game Log Season 3'!$C$3:$C$126, "Ryan", 'Game Log Season 3'!$F$3:$F$126, 0)-0.5))*D3, 0) | L3: =IFERROR(J3/(J3+K3),0)
A4: Becca | B4: =(H4*0.3)+(I4*0.2)+(L4*0.5) | C4: =COUNTIFS('Game Log Season 3'!$C$3:$C$126, "Becca", 'Game Log Season 3'!$F$3:$F$126, 1) | D4: =COUNTIFS('Game Log Season 3'!$C$3:$C$126, "Becca", 'Game Log Season 3'!$F$3:$F$126, 0) | E4: =IFERROR(C4/(C4+D4),0) | F4: =SUMIFS('Game Log Season 3'!$J$3:$J$126, 'Game Log Season 3'!$C$3:$C$126, "Becca", 'Game Log Season 3'!$F$3:$F$126, 1) | G4: =IFERROR((1-(AVERAGEIFS('Game Log Season 3'!$J$3:$J$126, 'Game Log Season 3'!$C$3:$C$126, "Becca", 'Game Log Season 3'!$F$3:$F$126, 0)*-1))*D4,0) | H4: =IFERROR(F4/(F4+G4),0) | I4: =IF(C4<>0,AVERAGEIF('Game Log Season 3'!$C$3:$C$126, "Becca", 'Game Log Season 3'!$K$3:$K$126),0) | J4: =IFERROR((1-(AVERAGEIFS('Game Log Season 3'!$M$3:$M$126, 'Game Log Season 3'!$C$3:$C$126, "Becca", 'Game Log Season 3'!$F$3:$F$126, 1)-0.5))*C4, 0) | K4: =IFERROR((1+(AVERAGEIFS('Game Log Season 3'!$M$3:$M$126, 'Game Log Season 3'!$C$3:$C$126, "Becca", 'Game Log Season 3'!$F$3:$F$126, 0)-0.5))*D4, 0) | L4: =IFERROR(J4/(J4+K4),0)
A5: Manny | B5: =(H5*0.3)+(I5*0.2)+(L5*0.5) | C5: =COUNTIFS('Game Log Season 3'!$C$3:$C$126, "Manny", 'Game Log Season 3'!$F$3:$F$126, 1) | D5: =COUNTIFS('Game Log Season 3'!$C$3:$C$126, "Manny", 'Game Log Season 3'!$F$3:$F$126, 0) | E5: =IFERROR(C5/(C5+D5),0) | F5: =SUMIFS('Game Log Season 3'!$J$3:$J$126, 'Game Log Season 3'!$C$3:$C$126, "Manny", 'Game Log Season 3'!$F$3:$F$126, 1) | G5: =IFERROR((1-(AVERAGEIFS('Game Log Season 3'!$J$3:$J$126, 'Game Log Season 3'!$C$3:$C$126, "Manny", 'Game Log Season 3'!$F$3:$F$126, 0)*-1))*D5,0) | H5: =IFERROR(F5/(F5+G5),0) | I5: =IF(C5<>0,AVERAGEIF('Game Log Season 3'!$C$3:$C$126, "Manny", 'Game Log Season 3'!$K$3:$K$126),0) | J5: =IFERROR((1-(AVERAGEIFS('Game Log Season 3'!$M$3:$M$126, 'Game Log Season 3'!$C$3:$C$126, "Manny", 'Game Log Season 3'!$F$3:$F$126, 1)-0.5))*C5, 0) | K5: =IFERROR((1+(AVERAGEIFS('Game Log Season 3'!$M$3:$M$126, 'Game Log Season 3'!$C$3:$C$126, "Manny", 'Game Log Season 3'!$F$3:$F$126, 0)-0.5))*D5, 0) | L5: =IFERROR(J5/(J5+K5),0)
A6: Kristy | B6: =(H6*0.3)+(I6*0.2)+(L6*0.5) | C6: =COUNTIFS('Game Log Season 3'!$C$3:$C$126, "Kristy", 'Game Log Season 3'!$F$3:$F$126, 1) | D6: =COUNTIFS('Game Log Season 3'!$C$3:$C$126, "Kristy", 'Game Log Season 3'!$F$3:$F$126, 0) | E6: =IFERROR(C6/(C6+D6),0) | F6: =SUMIFS('Game Log Season 3'!$J$3:$J$126, 'Game Log Season 3'!$C$3:$C$126, "Kristy", 'Game Log Season 3'!$F$3:$F$126, 1) | G6: =IFERROR((1-(AVERAGEIFS('Game Log Season 3'!$J$3:$J$126, 'Game Log Season 3'!$C$3:$C$126, "Kristy", 'Game Log Season 3'!$F$3:$F$126, 0)*-1))*D6,0) | H6: =IFERROR(F6/(F6+G6),0) | I6: =IF(C6<>0,AVERAGEIF('Game Log Season 3'!$C$3:$C$126, "Kristy", 'Game Log Season 3'!$K$3:$K$126),0) | J6: =IFERROR((1-(AVERAGEIFS('Game Log Season 3'!$M$3:$M$126, 'Game Log Season 3'!$C$3:$C$126, "Kristy", 'Game Log Season 3'!$F$3:$F$126, 1)-0.5))*C6, 0) | K6: =IFERROR((1+(AVERAGEIFS('Game Log Season 3'!$M$3:$M$126, 'Game Log Season 3'!$C$3:$C$126, "Kristy", 'Game Log Season 3'!$F$3:$F$126, 0)-0.5))*D6, 0) | L6: =IFERROR(J6/(J6+K6),0)
A7: Joseph | B7: =(H7*0.3)+(I7*0.2)+(L7*0.5) | C7: =COUNTIFS('Game Log Season 3'!$C$3:$C$126, "Joseph", 'Game Log Season 3'!$F$3:$F$126, 1) | D7: =COUNTIFS('Game Log Season 3'!$C$3:$C$126, "Joseph", 'Game Log Season 3'!$F$3:$F$126, 0) | E7: =IFERROR(C7/(C7+D7),0) | F7: =SUMIFS('Game Log Season 3'!$J$3:$J$126, 'Game Log Season 3'!$C$3:$C$126, "Joseph", 'Game Log Season 3'!$F$3:$F$126, 1) | G7: =IFERROR((1-(AVERAGEIFS('Game Log Season 3'!$J$3:$J$126, 'Game Log Season 3'!$C$3:$C$126, "Joseph", 'Game Log Season 3'!$F$3:$F$126, 0)*-1))*D7,0) | H7: =IFERROR(F7/(F7+G7),0) | I7: =IF(C7<>0,AVERAGEIF('Game Log Season 3'!$C$3:$C$126, "Joseph", 'Game Log Season 3'!$K$3:$K$126),0) | J7: =IFERROR((1-(AVERAGEIFS('Game Log Season 3'!$M$3:$M$126, 'Game Log Season 3'!$C$3:$C$126, "Joseph", 'Game Log Season 3'!$F$3:$F$126, 1)-0.5))*C7, 0) | K7: =IFERROR((1+(AVERAGEIFS('Game Log Season 3'!$M$3:$M$126, 'Game Log Season 3'!$C$3:$C$126, "Joseph", 'Game Log Season 3'!$F$3:$F$126, 0)-0.5))*D7, 0) | L7: =IFERROR(J7/(J7+K7),0)
A8: Michelle | B8: =(H8*0.3)+(I8*0.2)+(L8*0.5) | C8: =COUNTIFS('Game Log Season 3'!$C$3:$C$126, "Michelle", 'Game Log Season 3'!$F$3:$F$126, 1) | D8: =COUNTIFS('Game Log Season 3'!$C$3:$C$126, "Michelle", 'Game Log Season 3'!$F$3:$F$126, 0) | E8: =IFERROR(C8/(C8+D8),0) | F8: =SUMIFS('Game Log Season 3'!$J$3:$J$126, 'Game Log Season 3'!$C$3:$C$126, "Michelle", 'Game Log Season 3'!$F$3:$F$126, 1) | G8: =IFERROR((1-(AVERAGEIFS('Game Log Season 3'!$J$3:$J$126, 'Game Log Season 3'!$C$3:$C$126, "Michelle", 'Game Log Season 3'!$F$3:$F$126, 0)*-1))*D8,0) | H8: =IFERROR(F8/(F8+G8),0) | I8: =IF(C8<>0,AVERAGEIF('Game Log Season 3'!$C$3:$C$126, "Michelle", 'Game Log Season 3'!$K$3:$K$126),0) | J8: =IFERROR((1-(AVERAGEIFS('Game Log Season 3'!$M$3:$M$126, 'Game Log Season 3'!$C$3:$C$126, "Michelle", 'Game Log Season 3'!$F$3:$F$126, 1)-0.5))*C8, 0) | K8: =IFERROR((1+(AVERAGEIFS('Game Log Season 3'!$M$3:$M$126, 'Game Log Season 3'!$C$3:$C$126, "Michelle", 'Game Log Season 3'!$F$3:$F$126, 0)-0.5))*D8, 0) | L8: =IFERROR(J8/(J8+K8),0)
A9: Red | B9: =(H9*0.3)+(I9*0.2)+(L9*0.5) | C9: =COUNTIFS('Game Log Season 3'!$C$3:$C$126, "Red", 'Game Log Season 3'!$F$3:$F$126, 1) | D9: =COUNTIFS('Game Log Season 3'!$C$3:$C$126, "Red", 'Game Log Season 3'!$F$3:$F$126, 0) | E9: =IFERROR(C9/(C9+D9),0) | F9: =SUMIFS('Game Log Season 3'!$J$3:$J$126, 'Game Log Season 3'!$C$3:$C$126, "Red", 'Game Log Season 3'!$F$3:$F$126, 1) | G9: =IFERROR((1-(AVERAGEIFS('Game Log Season 3'!$J$3:$J$126, 'Game Log Season 3'!$C$3:$C$126, "Red", 'Game Log Season 3'!$F$3:$F$126, 0)*-1))*D9,0) | H9: =IFERROR(F9/(F9+G9),0) | I9: =IF(C9<>0,AVERAGEIF('Game Log Season 3'!$C$3:$C$126, "Red", 'Game Log Season 3'!$K$3:$K$126),0) | J9: =IFERROR((1-(AVERAGEIFS('Game Log Season 3'!$M$3:$M$126, 'Game Log Season 3'!$C$3:$C$126, "Red", 'Game Log Season 3'!$F$3:$F$126, 1)-0.5))*C9, 0) | K9: =IFERROR((1+(AVERAGEIFS('Game Log Season 3'!$M$3:$M$126, 'Game Log Season 3'!$C$3:$C$126, "Red", 'Game Log Season 3'!$F$3:$F$126, 0)-0.5))*D9, 0) | L9: =IFERROR(J9/(J9+K9),0)
